char,left,width,total
 ,00,06,06
!,01,06,07
",00,06,06
#,00,06,06
$,00,06,06
%,00,06,06
&,00,06,06
',01,04,05
(,00,05,05
),00,05,05
*,00,06,06
+,00,06,06
,,01,04,05
-,00,06,06
.,01,04,05
/,00,06,06
0,00,06,06
1,00,04,04
2,00,06,06
3,00,06,06
4,00,06,06
5,00,06,06
6,00,06,06
7,00,06,06
8,00,06,06
9,00,06,06
:,01,04,05
;,01,04,05
<,00,06,06
=,00,06,06
>,00,06,06
?,01,06,07
@,00,06,06
A,00,06,06
B,00,06,06
C,00,06,06
D,00,06,06
E,00,06,06
F,00,06,06
G,00,06,06
H,00,06,06
I,01,05,06
J,00,06,06
K,00,06,06
L,00,06,06
M,00,06,06
N,00,06,06
O,00,06,06
P,00,06,06
Q,00,06,06
R,00,06,06
S,00,06,06
T,00,06,06
U,00,06,06
V,00,06,06
W,00,06,06
X,00,06,06
Y,00,06,06
Z,00,06,06
[,00,04,04
\,00,06,06
],00,04,04
^,00,06,06
_,00,06,06
`,00,06,06
a,00,06,06
b,00,06,06
c,00,06,06
d,00,06,06
e,00,06,06
f,00,06,06
g,00,06,06
h,00,06,06
i,00,03,03
j,00,06,06
k,00,06,06
l,00,03,03
m,00,06,06
n,00,06,06
o,00,06,06
p,00,06,06
q,00,06,06
r,00,06,06
s,00,06,06
t,00,06,06
u,00,06,06
v,00,06,06
w,00,06,06
x,00,06,06
y,00,06,06
z,00,06,06
{,00,06,06
|,00,06,06
},00,06,06
~,00,06,06
¡,00,06,06
§,00,06,06
¨,00,06,06
ª,00,06,06
«,00,06,06
°,00,06,06
±,00,06,06
´,00,06,06
¶,00,06,06
º,00,06,06
»,00,06,06
¿,00,06,06
À,00,06,06
Á,00,06,06
Â,00,06,06
Ã,00,06,06
Ä,00,06,06
Å,00,06,06
Æ,00,06,06
Ç,00,06,06
È,00,06,06
É,00,06,06
Ê,00,06,06
Ë,00,06,06
Ì,00,06,06
Í,00,06,06
Î,00,06,06
Ï,00,06,06
Ð,00,06,06
Ñ,00,06,06
Ò,00,06,06
Ó,00,06,06
Ô,00,06,06
Õ,00,06,06
Ö,00,06,06
×,00,06,06
Ø,00,06,06
Ù,00,06,06
Ú,00,06,06
Û,00,06,06
Ü,00,06,06
Ý,00,06,06
Þ,00,06,06
ß,00,06,06
à,00,06,06
á,00,06,06
â,00,06,06
ã,00,06,06
ä,00,06,06
å,00,06,06
æ,00,06,06
ç,00,06,06
è,00,06,06
é,00,06,06
ê,00,06,06
ë,00,06,06
ì,00,06,06
í,00,06,06
î,00,06,06
ï,00,06,06
ð,00,06,06
ñ,00,06,06
ò,00,06,06
ó,00,06,06
ô,00,06,06
õ,00,06,06
ö,00,06,06
÷,00,06,06
ø,00,06,06
ù,00,06,06
ú,00,06,06
û,00,06,06
ü,00,06,06
ý,00,06,06
þ,00,06,06
ÿ,00,06,06
Œ,00,06,06
œ,00,06,06
Ş,00,06,06
ş,00,06,06
е,00,08,08
ж,00,08,08
з,00,08,08
и,00,08,08
й,00,08,08
к,00,08,08
л,00,08,08
м,00,08,08
н,00,08,08
о,00,08,08
п,00,08,08
р,00,08,08
с,00,08,08
т,00,08,08
у,00,08,08
ф,00,0C,0C
х,00,08,08
ц,00,08,08
ч,00,08,08
ш,00,08,08
щ,00,08,08
ъ,00,08,08
ы,00,09,09
ь,00,08,08
э,00,08,08
ю,00,08,08
я,00,08,08
ё,00,08,08
‐,00,06,06
―,00,06,06
‘,00,06,06
’,00,06,06
“,00,06,06
”,00,06,06
„,00,06,06
†,00,06,06
‡,00,06,06
‥,00,06,06
…,00,0C,0C
‰,00,06,06
′,00,06,06
″,00,06,06
※,00,06,06
℃,00,06,06
№,00,06,06
℡,00,06,06
Å,00,06,06
Ⅰ,00,06,06
Ⅱ,00,06,06
Ⅲ,00,06,06
Ⅳ,00,06,06
Ⅴ,00,06,06
Ⅵ,00,06,06
Ⅶ,00,06,06
Ⅷ,00,06,06
Ⅸ,00,06,06
Ⅹ,00,06,06
←,00,06,06
↑,00,06,06
→,00,06,06
↓,00,06,06
⇒,00,06,06
⇔,00,06,06
∀,00,06,06
∂,00,06,06
∃,00,06,06
∇,00,06,06
∑,00,06,06
√,00,06,06
∝,00,06,06
∞,00,06,06
∟,00,06,06
∠,00,06,06
∥,00,06,06
∧,00,06,06
∨,00,06,06
∫,00,06,06
∬,00,06,06
∮,00,06,06
∴,00,06,06
∵,00,06,06
∽,00,06,06
≒,00,06,06
≠,00,06,06
≡,00,06,06
≦,00,06,06
≧,00,06,06
≪,00,06,06
≫,00,06,06
⊥,00,06,06
⊿,00,06,06
⌒,00,06,06
①,00,0C,0C
②,00,0C,0C
③,00,0C,0C
④,00,0C,0C
⑤,00,0C,0C
⑥,00,0C,0C
⑦,00,0C,0C
⑧,00,0C,0C
⑨,00,0C,0C
⑩,00,0C,0C
⑪,00,0C,0C
⑫,00,0C,0C
⑬,00,0C,0C
⑭,00,0C,0C
⑮,00,0C,0C
⑯,00,0C,0C
⑰,00,0C,0C
⑱,00,0C,0C
⑲,00,0C,0C
⑳,00,0C,0C
⑴,00,0C,0C
⑵,00,0C,0C
⑶,00,0C,0C
⑷,00,0C,0C
⑸,00,0C,0C
⑹,00,0C,0C
⑺,00,0C,0C
⑻,00,0C,0C
⑼,00,0C,0C
⑽,00,0C,0C
⑾,00,0C,0C
⑿,00,0C,0C
⒀,00,0C,0C
⒁,00,0C,0C
⒂,00,0C,0C
⒃,00,0C,0C
⒄,00,0C,0C
⒅,00,0C,0C
⒆,00,0C,0C
⒇,00,0C,0C
■,00,0C,0C
□,00,0C,0C
▲,00,0C,0C
△,00,0C,0C
▼,00,0C,0C
▽,00,0C,0C
◆,00,0C,0C
◇,00,0C,0C
○,00,0C,0C
◎,00,0C,0C
●,00,0C,0C
◯,00,0C,0C
☀,00,0C,0C
☁,00,0C,0C
☂,00,0C,0C
☃,00,0C,0C
★,00,0C,0C
☆,00,0C,0C
♀,00,08,08
♂,00,08,08
♠,00,0C,0C
♣,00,0C,0C
♥,00,0C,0C
♦,00,0C,0C
♪,00,0C,0C
♭,00,0C,0C
♯,00,0C,0C
　,00,0C,0C
、,00,0C,0C
。,00,0C,0C
〃,00,0C,0C
々,00,0C,0C
〆,00,0C,0C
〇,00,0C,0C
〈,00,0C,0C
〉,00,0C,0C
《,00,0C,0C
》,00,0C,0C
「,00,0C,0C
」,00,0C,0C
『,00,0C,0C
』,00,0C,0C
【,00,0C,0C
】,00,0C,0C
〒,00,0C,0C
〓,00,0C,0C
〔,00,0C,0C
〕,00,0C,0C
〝,00,0C,0C
〟,00,0C,0C
ぁ,00,0C,0C
あ,00,0C,0C
ぃ,00,0C,0C
い,00,0C,0C
ぅ,00,0C,0C
う,00,0C,0C
ぇ,00,0C,0C
え,00,0C,0C
ぉ,00,0C,0C
お,00,0C,0C
か,00,0C,0C
が,00,0C,0C
き,00,0C,0C
ぎ,00,0C,0C
く,00,0C,0C
ぐ,00,0C,0C
け,00,0C,0C
げ,00,0C,0C
こ,00,0C,0C
ご,00,0C,0C
さ,00,0C,0C
ざ,00,0C,0C
し,00,0C,0C
じ,00,0C,0C
す,00,0C,0C
ず,00,0C,0C
せ,00,0C,0C
ぜ,00,0C,0C
そ,00,0C,0C
ぞ,00,0C,0C
た,00,0C,0C
だ,00,0C,0C
ち,00,0C,0C
ぢ,00,0C,0C
っ,00,0C,0C
つ,00,0C,0C
づ,00,0C,0C
て,00,0C,0C
で,00,0C,0C
と,00,0C,0C
ど,00,0C,0C
な,00,0C,0C
に,00,0C,0C
ぬ,00,0C,0C
ね,00,0C,0C
の,00,0C,0C
は,00,0C,0C
ば,00,0C,0C
ぱ,00,0C,0C
ひ,00,0C,0C
び,00,0C,0C
ぴ,00,0C,0C
ふ,00,0C,0C
ぶ,00,0C,0C
ぷ,00,0C,0C
へ,00,0C,0C
べ,00,0C,0C
ぺ,00,0C,0C
ほ,00,0C,0C
ぼ,00,0C,0C
ぽ,00,0C,0C
ま,00,0C,0C
み,00,0C,0C
む,00,0C,0C
め,00,0C,0C
も,00,0C,0C
ゃ,00,0C,0C
や,00,0C,0C
ゅ,00,0C,0C
ゆ,00,0C,0C
ょ,00,0C,0C
よ,00,0C,0C
ら,00,0C,0C
り,00,0C,0C
る,00,0C,0C
れ,00,0C,0C
ろ,00,0C,0C
ゎ,00,0C,0C
わ,00,0C,0C
ゐ,00,0C,0C
ゑ,00,0C,0C
を,00,0C,0C
ん,00,0C,0C
゛,00,0C,0C
゜,00,0C,0C
ゝ,00,0C,0C
ゞ,00,0C,0C
ァ,00,0C,0C
ア,00,0C,0C
ィ,00,0C,0C
イ,00,0C,0C
ゥ,00,0C,0C
ウ,00,0C,0C
ェ,00,0C,0C
エ,00,0C,0C
ォ,00,0C,0C
オ,00,0C,0C
カ,00,0C,0C
ガ,00,0C,0C
キ,00,0C,0C
ギ,00,0C,0C
ク,00,0C,0C
グ,00,0C,0C
ケ,00,0C,0C
ゲ,00,0C,0C
コ,00,0C,0C
ゴ,00,0C,0C
サ,00,0C,0C
ザ,00,0C,0C
シ,00,0C,0C
ジ,00,0C,0C
ス,00,0C,0C
ズ,00,0C,0C
セ,00,0C,0C
ゼ,00,0C,0C
ソ,00,0C,0C
ゾ,00,0C,0C
タ,00,0C,0C
ダ,00,0C,0C
チ,00,0C,0C
ヂ,00,0C,0C
ッ,00,0C,0C
ツ,00,0C,0C
ヅ,00,0C,0C
テ,00,0C,0C
デ,00,0C,0C
ト,00,0C,0C
ド,00,0C,0C
ナ,00,0C,0C
ニ,00,0C,0C
ヌ,00,0C,0C
ネ,00,0C,0C
ノ,00,0C,0C
ハ,00,0C,0C
バ,00,0C,0C
パ,00,0C,0C
ヒ,00,0C,0C
ビ,00,0C,0C
ピ,00,0C,0C
フ,00,0C,0C
ブ,00,0C,0C
プ,00,0C,0C
ヘ,00,0C,0C
ベ,00,0C,0C
ペ,00,0C,0C
ホ,00,0C,0C
ボ,00,0C,0C
ポ,00,0C,0C
マ,00,0C,0C
ミ,00,0C,0C
ム,00,0C,0C
メ,00,0C,0C
モ,00,0C,0C
ャ,00,0C,0C
ヤ,00,0C,0C
ュ,00,0C,0C
ユ,00,0C,0C
ョ,00,0C,0C
ヨ,00,0C,0C
ラ,00,0C,0C
リ,00,0C,0C
ル,00,0C,0C
レ,00,0C,0C
ロ,00,0C,0C
ヮ,00,0C,0C
ワ,00,0C,0C
ヰ,00,0C,0C
ヱ,00,0C,0C
ヲ,00,0C,0C
ン,00,0C,0C
ヴ,00,0C,0C
ヵ,00,0C,0C
ヶ,00,0C,0C
・,01,04,05
ー,00,0C,0C
ヽ,00,0C,0C
ヾ,00,0C,0C
ㄱ,00,0C,0C
ㄲ,00,0C,0C
ㄴ,00,0C,0C
ㄷ,00,0C,0C
ㄸ,00,0C,0C
ㄹ,00,0C,0C
ㅁ,00,0C,0C
ㅂ,00,0C,0C
ㅃ,00,0C,0C
ㅅ,00,0C,0C
ㅆ,00,0C,0C
ㅇ,00,0C,0C
ㅈ,00,0C,0C
ㅉ,00,0C,0C
ㅊ,00,0C,0C
ㅋ,00,0C,0C
ㅌ,00,0C,0C
ㅍ,00,0C,0C
ㅎ,00,0C,0C
ㅏ,00,0C,0C
ㅐ,00,0C,0C
ㅑ,00,0C,0C
ㅒ,00,0C,0C
ㅓ,00,0C,0C
ㅔ,00,0C,0C
ㅕ,00,0C,0C
ㅖ,00,0C,0C
ㅗ,00,0C,0C
ㅛ,00,0C,0C
ㅜ,00,0C,0C
ㅠ,00,0C,0C
ㅡ,00,0C,0C
ㅣ,00,0C,0C
㈱,00,0C,0C
㈲,00,0C,0C
㈹,00,0C,0C
㊤,00,0C,0C
㊥,00,0C,0C
㊦,00,0C,0C
㊧,00,0C,0C
㊨,00,0C,0C
㌃,00,0C,0C
㌍,00,0C,0C
㌔,00,0C,0C
㌘,00,0C,0C
㌢,00,0C,0C
㌣,00,0C,0C
㌦,00,0C,0C
㌧,00,0C,0C
㌫,00,0C,0C
㌶,00,0C,0C
㌻,00,0C,0C
㍉,00,0C,0C
㍊,00,0C,0C
㍍,00,0C,0C
㍑,00,0C,0C
㍗,00,0C,0C
㍻,00,0C,0C
㍼,00,0C,0C
㍽,00,0C,0C
㍾,00,0C,0C
㎎,00,0C,0C
㎏,00,0C,0C
㎜,00,0C,0C
㎝,00,0C,0C
㎞,00,0C,0C
㎡,00,0C,0C
㏄,00,0C,0C
㏍,00,0C,0C
一,00,0C,0C
丁,00,0C,0C
七,00,0C,0C
万,00,0C,0C
丈,00,0C,0C
三,00,0C,0C
上,00,0C,0C
下,00,0C,0C
不,00,0C,0C
与,00,0C,0C
且,00,0C,0C
世,00,0C,0C
丘,00,0C,0C
丙,00,0C,0C
両,00,0C,0C
並,00,0C,0C
中,00,0C,0C
丸,00,0C,0C
丹,00,0C,0C
主,00,0C,0C
久,00,0C,0C
乏,00,0C,0C
乗,00,0C,0C
乙,00,0C,0C
九,00,0C,0C
乱,00,0C,0C
乳,00,0C,0C
乾,00,0C,0C
了,00,0C,0C
予,00,0C,0C
争,00,0C,0C
事,00,0C,0C
二,00,0C,0C
互,00,0C,0C
五,00,0C,0C
井,00,0C,0C
亜,00,0C,0C
亡,00,0C,0C
交,00,0C,0C
享,00,0C,0C
京,00,0C,0C
亭,00,0C,0C
人,00,0C,0C
仁,00,0C,0C
今,00,0C,0C
介,00,0C,0C
仏,00,0C,0C
仕,00,0C,0C
他,00,0C,0C
付,00,0C,0C
仙,00,0C,0C
仝,00,0C,0C
代,00,0C,0C
令,00,0C,0C
以,00,0C,0C
仮,00,0C,0C
仰,00,0C,0C
仲,00,0C,0C
件,00,0C,0C
任,00,0C,0C
企,00,0C,0C
伏,00,0C,0C
伐,00,0C,0C
休,00,0C,0C
会,00,0C,0C
伝,00,0C,0C
伯,00,0C,0C
伴,00,0C,0C
伸,00,0C,0C
伺,00,0C,0C
似,00,0C,0C
但,00,0C,0C
位,00,0C,0C
低,00,0C,0C
住,00,0C,0C
佐,00,0C,0C
体,00,0C,0C
何,00,0C,0C
余,00,0C,0C
作,00,0C,0C
佳,00,0C,0C
併,00,0C,0C
使,00,0C,0C
例,00,0C,0C
侍,00,0C,0C
供,00,0C,0C
依,00,0C,0C
価,00,0C,0C
侮,00,0C,0C
侯,00,0C,0C
侵,00,0C,0C
便,00,0C,0C
係,00,0C,0C
促,00,0C,0C
俊,00,0C,0C
俗,00,0C,0C
保,00,0C,0C
信,00,0C,0C
修,00,0C,0C
俳,00,0C,0C
俵,00,0C,0C
俸,00,0C,0C
倉,00,0C,0C
個,00,0C,0C
倍,00,0C,0C
倒,00,0C,0C
候,00,0C,0C
借,00,0C,0C
倣,00,0C,0C
値,00,0C,0C
倫,00,0C,0C
倹,00,0C,0C
偉,00,0C,0C
偏,00,0C,0C
停,00,0C,0C
健,00,0C,0C
側,00,0C,0C
偵,00,0C,0C
偶,00,0C,0C
偽,00,0C,0C
傍,00,0C,0C
傑,00,0C,0C
傘,00,0C,0C
備,00,0C,0C
催,00,0C,0C
債,00,0C,0C
傷,00,0C,0C
傾,00,0C,0C
働,00,0C,0C
像,00,0C,0C
僕,00,0C,0C
僚,00,0C,0C
僧,00,0C,0C
儀,00,0C,0C
億,00,0C,0C
儒,00,0C,0C
償,00,0C,0C
優,00,0C,0C
元,00,0C,0C
兄,00,0C,0C
充,00,0C,0C
兆,00,0C,0C
先,00,0C,0C
光,00,0C,0C
克,00,0C,0C
免,00,0C,0C
児,00,0C,0C
党,00,0C,0C
入,00,0C,0C
全,00,0C,0C
八,00,0C,0C
公,00,0C,0C
六,00,0C,0C
共,00,0C,0C
兵,00,0C,0C
具,00,0C,0C
典,00,0C,0C
兼,00,0C,0C
内,00,0C,0C
円,00,0C,0C
冊,00,0C,0C
再,00,0C,0C
冒,00,0C,0C
冗,00,0C,0C
写,00,0C,0C
冠,00,0C,0C
冬,00,0C,0C
冷,00,0C,0C
准,00,0C,0C
凍,00,0C,0C
凝,00,0C,0C
凡,00,0C,0C
処,00,0C,0C
凶,00,0C,0C
凸,00,0C,0C
凹,00,0C,0C
出,00,0C,0C
刀,00,0C,0C
刃,00,0C,0C
分,00,0C,0C
切,00,0C,0C
刈,00,0C,0C
刊,00,0C,0C
刑,00,0C,0C
列,00,0C,0C
初,00,0C,0C
判,00,0C,0C
別,00,0C,0C
利,00,0C,0C
到,00,0C,0C
制,00,0C,0C
刷,00,0C,0C
券,00,0C,0C
刺,00,0C,0C
刻,00,0C,0C
則,00,0C,0C
削,00,0C,0C
前,00,0C,0C
剖,00,0C,0C
剛,00,0C,0C
剣,00,0C,0C
剤,00,0C,0C
副,00,0C,0C
剰,00,0C,0C
割,00,0C,0C
創,00,0C,0C
劇,00,0C,0C
力,00,0C,0C
功,00,0C,0C
加,00,0C,0C
劣,00,0C,0C
助,00,0C,0C
努,00,0C,0C
励,00,0C,0C
労,00,0C,0C
効,00,0C,0C
劾,00,0C,0C
勅,00,0C,0C
勇,00,0C,0C
勉,00,0C,0C
動,00,0C,0C
勘,00,0C,0C
務,00,0C,0C
勝,00,0C,0C
募,00,0C,0C
勢,00,0C,0C
勤,00,0C,0C
勧,00,0C,0C
勲,00,0C,0C
勺,00,0C,0C
匁,00,0C,0C
包,00,0C,0C
化,00,0C,0C
北,00,0C,0C
匠,00,0C,0C
匹,00,0C,0C
区,00,0C,0C
医,00,0C,0C
匿,00,0C,0C
十,00,0C,0C
千,00,0C,0C
升,00,0C,0C
午,00,0C,0C
半,00,0C,0C
卑,00,0C,0C
卒,00,0C,0C
卓,00,0C,0C
協,00,0C,0C
南,00,0C,0C
単,00,0C,0C
博,00,0C,0C
占,00,0C,0C
印,00,0C,0C
危,00,0C,0C
即,00,0C,0C
却,00,0C,0C
卵,00,0C,0C
卸,00,0C,0C
厄,00,0C,0C
厘,00,0C,0C
厚,00,0C,0C
原,00,0C,0C
厳,00,0C,0C
去,00,0C,0C
参,00,0C,0C
又,00,0C,0C
及,00,0C,0C
友,00,0C,0C
双,00,0C,0C
反,00,0C,0C
収,00,0C,0C
叔,00,0C,0C
取,00,0C,0C
受,00,0C,0C
叙,00,0C,0C
口,00,0C,0C
古,00,0C,0C
句,00,0C,0C
叫,00,0C,0C
召,00,0C,0C
可,00,0C,0C
台,00,0C,0C
史,00,0C,0C
右,00,0C,0C
号,00,0C,0C
司,00,0C,0C
各,00,0C,0C
合,00,0C,0C
吉,00,0C,0C
同,00,0C,0C
名,00,0C,0C
后,00,0C,0C
吏,00,0C,0C
吐,00,0C,0C
向,00,0C,0C
君,00,0C,0C
吟,00,0C,0C
否,00,0C,0C
含,00,0C,0C
吸,00,0C,0C
吹,00,0C,0C
呈,00,0C,0C
呉,00,0C,0C
告,00,0C,0C
周,00,0C,0C
味,00,0C,0C
呼,00,0C,0C
命,00,0C,0C
和,00,0C,0C
咲,00,0C,0C
哀,00,0C,0C
品,00,0C,0C
員,00,0C,0C
哲,00,0C,0C
唆,00,0C,0C
唇,00,0C,0C
唐,00,0C,0C
唯,00,0C,0C
唱,00,0C,0C
商,00,0C,0C
問,00,0C,0C
啓,00,0C,0C
善,00,0C,0C
喚,00,0C,0C
喜,00,0C,0C
喝,00,0C,0C
喪,00,0C,0C
喫,00,0C,0C
営,00,0C,0C
嗣,00,0C,0C
嘆,00,0C,0C
嘱,00,0C,0C
器,00,0C,0C
噴,00,0C,0C
嚇,00,0C,0C
囚,00,0C,0C
四,00,0C,0C
回,00,0C,0C
因,00,0C,0C
団,00,0C,0C
困,00,0C,0C
囲,00,0C,0C
図,00,0C,0C
固,00,0C,0C
国,00,0C,0C
圏,00,0C,0C
園,00,0C,0C
土,00,0C,0C
圧,00,0C,0C
在,00,0C,0C
地,00,0C,0C
坂,00,0C,0C
均,00,0C,0C
坊,00,0C,0C
坑,00,0C,0C
坪,00,0C,0C
垂,00,0C,0C
型,00,0C,0C
垣,00,0C,0C
埋,00,0C,0C
城,00,0C,0C
域,00,0C,0C
執,00,0C,0C
培,00,0C,0C
基,00,0C,0C
堀,00,0C,0C
堂,00,0C,0C
堅,00,0C,0C
堕,00,0C,0C
堤,00,0C,0C
堪,00,0C,0C
報,00,0C,0C
場,00,0C,0C
塀,00,0C,0C
塁,00,0C,0C
塊,00,0C,0C
塑,00,0C,0C
塔,00,0C,0C
塗,00,0C,0C
塚,00,0C,0C
塩,00,0C,0C
塾,00,0C,0C
境,00,0C,0C
墓,00,0C,0C
増,00,0C,0C
墜,00,0C,0C
墨,00,0C,0C
墳,00,0C,0C
墾,00,0C,0C
壁,00,0C,0C
壇,00,0C,0C
壊,00,0C,0C
壌,00,0C,0C
士,00,0C,0C
壮,00,0C,0C
声,00,0C,0C
壱,00,0C,0C
売,00,0C,0C
変,00,0C,0C
夏,00,0C,0C
夕,00,0C,0C
外,00,0C,0C
多,00,0C,0C
夜,00,0C,0C
夢,00,0C,0C
大,00,0C,0C
天,00,0C,0C
太,00,0C,0C
夫,00,0C,0C
央,00,0C,0C
失,00,0C,0C
奇,00,0C,0C
奉,00,0C,0C
奏,00,0C,0C
契,00,0C,0C
奔,00,0C,0C
奥,00,0C,0C
奨,00,0C,0C
奪,00,0C,0C
奮,00,0C,0C
女,00,0C,0C
奴,00,0C,0C
好,00,0C,0C
如,00,0C,0C
妃,00,0C,0C
妄,00,0C,0C
妊,00,0C,0C
妙,00,0C,0C
妥,00,0C,0C
妨,00,0C,0C
妹,00,0C,0C
妻,00,0C,0C
姉,00,0C,0C
始,00,0C,0C
姓,00,0C,0C
委,00,0C,0C
姫,00,0C,0C
姻,00,0C,0C
姿,00,0C,0C
威,00,0C,0C
娘,00,0C,0C
娠,00,0C,0C
娯,00,0C,0C
婆,00,0C,0C
婚,00,0C,0C
婦,00,0C,0C
婿,00,0C,0C
媒,00,0C,0C
嫁,00,0C,0C
嫌,00,0C,0C
嫡,00,0C,0C
嬢,00,0C,0C
子,00,0C,0C
孔,00,0C,0C
字,00,0C,0C
存,00,0C,0C
孝,00,0C,0C
季,00,0C,0C
孤,00,0C,0C
学,00,0C,0C
孫,00,0C,0C
宅,00,0C,0C
宇,00,0C,0C
守,00,0C,0C
安,00,0C,0C
完,00,0C,0C
宗,00,0C,0C
官,00,0C,0C
宙,00,0C,0C
定,00,0C,0C
宜,00,0C,0C
宝,00,0C,0C
実,00,0C,0C
客,00,0C,0C
宣,00,0C,0C
室,00,0C,0C
宮,00,0C,0C
宰,00,0C,0C
害,00,0C,0C
宴,00,0C,0C
宵,00,0C,0C
家,00,0C,0C
容,00,0C,0C
宿,00,0C,0C
寂,00,0C,0C
寄,00,0C,0C
密,00,0C,0C
富,00,0C,0C
寒,00,0C,0C
寛,00,0C,0C
寝,00,0C,0C
察,00,0C,0C
寡,00,0C,0C
寧,00,0C,0C
審,00,0C,0C
寮,00,0C,0C
寸,00,0C,0C
寺,00,0C,0C
対,00,0C,0C
寿,00,0C,0C
封,00,0C,0C
専,00,0C,0C
射,00,0C,0C
将,00,0C,0C
尉,00,0C,0C
尊,00,0C,0C
尋,00,0C,0C
導,00,0C,0C
小,00,0C,0C
少,00,0C,0C
尚,00,0C,0C
就,00,0C,0C
尺,00,0C,0C
尼,00,0C,0C
尽,00,0C,0C
尾,00,0C,0C
尿,00,0C,0C
局,00,0C,0C
居,00,0C,0C
屈,00,0C,0C
届,00,0C,0C
屋,00,0C,0C
展,00,0C,0C
属,00,0C,0C
層,00,0C,0C
履,00,0C,0C
屯,00,0C,0C
山,00,0C,0C
岐,00,0C,0C
岩,00,0C,0C
岬,00,0C,0C
岳,00,0C,0C
岸,00,0C,0C
峠,00,0C,0C
峡,00,0C,0C
峰,00,0C,0C
島,00,0C,0C
崇,00,0C,0C
崎,00,0C,0C
崩,00,0C,0C
川,00,0C,0C
州,00,0C,0C
巡,00,0C,0C
巣,00,0C,0C
工,00,0C,0C
左,00,0C,0C
巧,00,0C,0C
巨,00,0C,0C
差,00,0C,0C
己,00,0C,0C
巻,00,0C,0C
市,00,0C,0C
布,00,0C,0C
帆,00,0C,0C
希,00,0C,0C
帝,00,0C,0C
帥,00,0C,0C
師,00,0C,0C
席,00,0C,0C
帯,00,0C,0C
帰,00,0C,0C
帳,00,0C,0C
常,00,0C,0C
帽,00,0C,0C
幅,00,0C,0C
幕,00,0C,0C
幣,00,0C,0C
干,00,0C,0C
平,00,0C,0C
年,00,0C,0C
幸,00,0C,0C
幹,00,0C,0C
幻,00,0C,0C
幼,00,0C,0C
幽,00,0C,0C
幾,00,0C,0C
庁,00,0C,0C
広,00,0C,0C
床,00,0C,0C
序,00,0C,0C
底,00,0C,0C
店,00,0C,0C
府,00,0C,0C
度,00,0C,0C
座,00,0C,0C
庫,00,0C,0C
庭,00,0C,0C
庶,00,0C,0C
康,00,0C,0C
庸,00,0C,0C
廃,00,0C,0C
廉,00,0C,0C
廊,00,0C,0C
延,00,0C,0C
廷,00,0C,0C
建,00,0C,0C
弁,00,0C,0C
弊,00,0C,0C
式,00,0C,0C
弐,00,0C,0C
弓,00,0C,0C
弔,00,0C,0C
引,00,0C,0C
弟,00,0C,0C
弦,00,0C,0C
弧,00,0C,0C
弱,00,0C,0C
張,00,0C,0C
強,00,0C,0C
弾,00,0C,0C
当,00,0C,0C
形,00,0C,0C
彩,00,0C,0C
彫,00,0C,0C
彰,00,0C,0C
影,00,0C,0C
役,00,0C,0C
彼,00,0C,0C
往,00,0C,0C
征,00,0C,0C
径,00,0C,0C
待,00,0C,0C
律,00,0C,0C
後,00,0C,0C
徐,00,0C,0C
徒,00,0C,0C
従,00,0C,0C
得,00,0C,0C
御,00,0C,0C
復,00,0C,0C
循,00,0C,0C
微,00,0C,0C
徳,00,0C,0C
徴,00,0C,0C
徹,00,0C,0C
心,00,0C,0C
必,00,0C,0C
忌,00,0C,0C
忍,00,0C,0C
志,00,0C,0C
忘,00,0C,0C
忙,00,0C,0C
応,00,0C,0C
忠,00,0C,0C
快,00,0C,0C
念,00,0C,0C
怒,00,0C,0C
怖,00,0C,0C
思,00,0C,0C
怠,00,0C,0C
急,00,0C,0C
性,00,0C,0C
怪,00,0C,0C
恋,00,0C,0C
恐,00,0C,0C
恒,00,0C,0C
恥,00,0C,0C
恨,00,0C,0C
恩,00,0C,0C
恭,00,0C,0C
息,00,0C,0C
恵,00,0C,0C
悔,00,0C,0C
悟,00,0C,0C
悠,00,0C,0C
患,00,0C,0C
悦,00,0C,0C
悩,00,0C,0C
悪,00,0C,0C
悲,00,0C,0C
悼,00,0C,0C
情,00,0C,0C
惑,00,0C,0C
惜,00,0C,0C
惨,00,0C,0C
惰,00,0C,0C
想,00,0C,0C
愁,00,0C,0C
愉,00,0C,0C
意,00,0C,0C
愚,00,0C,0C
愛,00,0C,0C
感,00,0C,0C
慈,00,0C,0C
態,00,0C,0C
慌,00,0C,0C
慎,00,0C,0C
慕,00,0C,0C
慢,00,0C,0C
慣,00,0C,0C
慨,00,0C,0C
慮,00,0C,0C
慰,00,0C,0C
慶,00,0C,0C
憂,00,0C,0C
憎,00,0C,0C
憤,00,0C,0C
憩,00,0C,0C
憲,00,0C,0C
憶,00,0C,0C
憾,00,0C,0C
懇,00,0C,0C
懐,00,0C,0C
懲,00,0C,0C
懸,00,0C,0C
成,00,0C,0C
我,00,0C,0C
戒,00,0C,0C
戦,00,0C,0C
戯,00,0C,0C
戸,00,0C,0C
戻,00,0C,0C
房,00,0C,0C
所,00,0C,0C
扇,00,0C,0C
扉,00,0C,0C
手,00,0C,0C
才,00,0C,0C
打,00,0C,0C
払,00,0C,0C
扱,00,0C,0C
扶,00,0C,0C
批,00,0C,0C
承,00,0C,0C
技,00,0C,0C
抄,00,0C,0C
把,00,0C,0C
抑,00,0C,0C
投,00,0C,0C
抗,00,0C,0C
折,00,0C,0C
抜,00,0C,0C
択,00,0C,0C
披,00,0C,0C
抱,00,0C,0C
抵,00,0C,0C
抹,00,0C,0C
押,00,0C,0C
抽,00,0C,0C
担,00,0C,0C
拍,00,0C,0C
拐,00,0C,0C
拒,00,0C,0C
拓,00,0C,0C
拘,00,0C,0C
拙,00,0C,0C
招,00,0C,0C
拝,00,0C,0C
拠,00,0C,0C
拡,00,0C,0C
括,00,0C,0C
拷,00,0C,0C
拾,00,0C,0C
持,00,0C,0C
指,00,0C,0C
挑,00,0C,0C
挙,00,0C,0C
挟,00,0C,0C
振,00,0C,0C
挿,00,0C,0C
捕,00,0C,0C
捜,00,0C,0C
捨,00,0C,0C
据,00,0C,0C
掃,00,0C,0C
授,00,0C,0C
掌,00,0C,0C
排,00,0C,0C
掘,00,0C,0C
掛,00,0C,0C
採,00,0C,0C
探,00,0C,0C
接,00,0C,0C
控,00,0C,0C
推,00,0C,0C
措,00,0C,0C
掲,00,0C,0C
描,00,0C,0C
提,00,0C,0C
揚,00,0C,0C
換,00,0C,0C
握,00,0C,0C
揮,00,0C,0C
援,00,0C,0C
揺,00,0C,0C
損,00,0C,0C
搬,00,0C,0C
搭,00,0C,0C
携,00,0C,0C
搾,00,0C,0C
摂,00,0C,0C
摘,00,0C,0C
摩,00,0C,0C
撃,00,0C,0C
撤,00,0C,0C
撮,00,0C,0C
撲,00,0C,0C
擁,00,0C,0C
操,00,0C,0C
擦,00,0C,0C
擬,00,0C,0C
支,00,0C,0C
改,00,0C,0C
攻,00,0C,0C
放,00,0C,0C
政,00,0C,0C
故,00,0C,0C
敏,00,0C,0C
救,00,0C,0C
敗,00,0C,0C
教,00,0C,0C
敢,00,0C,0C
散,00,0C,0C
敬,00,0C,0C
数,00,0C,0C
整,00,0C,0C
敵,00,0C,0C
敷,00,0C,0C
文,00,0C,0C
斉,00,0C,0C
斎,00,0C,0C
斗,00,0C,0C
料,00,0C,0C
斜,00,0C,0C
斤,00,0C,0C
斥,00,0C,0C
断,00,0C,0C
新,00,0C,0C
方,00,0C,0C
施,00,0C,0C
旅,00,0C,0C
旋,00,0C,0C
族,00,0C,0C
旗,00,0C,0C
既,00,0C,0C
日,00,0C,0C
旧,00,0C,0C
旨,00,0C,0C
早,00,0C,0C
旬,00,0C,0C
昆,00,0C,0C
昇,00,0C,0C
明,00,0C,0C
易,00,0C,0C
昔,00,0C,0C
星,00,0C,0C
映,00,0C,0C
春,00,0C,0C
昨,00,0C,0C
昭,00,0C,0C
是,00,0C,0C
昼,00,0C,0C
時,00,0C,0C
晩,00,0C,0C
普,00,0C,0C
景,00,0C,0C
晴,00,0C,0C
晶,00,0C,0C
暁,00,0C,0C
暇,00,0C,0C
暑,00,0C,0C
暖,00,0C,0C
暗,00,0C,0C
暦,00,0C,0C
暫,00,0C,0C
暮,00,0C,0C
暴,00,0C,0C
曇,00,0C,0C
曜,00,0C,0C
曲,00,0C,0C
更,00,0C,0C
書,00,0C,0C
曹,00,0C,0C
替,00,0C,0C
最,00,0C,0C
月,00,0C,0C
有,00,0C,0C
服,00,0C,0C
朕,00,0C,0C
朗,00,0C,0C
望,00,0C,0C
朝,00,0C,0C
期,00,0C,0C
木,00,0C,0C
未,00,0C,0C
末,00,0C,0C
本,00,0C,0C
札,00,0C,0C
朱,00,0C,0C
朴,00,0C,0C
机,00,0C,0C
朽,00,0C,0C
杉,00,0C,0C
材,00,0C,0C
村,00,0C,0C
束,00,0C,0C
条,00,0C,0C
来,00,0C,0C
杯,00,0C,0C
東,00,0C,0C
松,00,0C,0C
板,00,0C,0C
析,00,0C,0C
林,00,0C,0C
枚,00,0C,0C
果,00,0C,0C
枝,00,0C,0C
枠,00,0C,0C
枢,00,0C,0C
枯,00,0C,0C
架,00,0C,0C
柄,00,0C,0C
某,00,0C,0C
染,00,0C,0C
柔,00,0C,0C
柱,00,0C,0C
柳,00,0C,0C
査,00,0C,0C
栄,00,0C,0C
栓,00,0C,0C
校,00,0C,0C
株,00,0C,0C
核,00,0C,0C
根,00,0C,0C
格,00,0C,0C
栽,00,0C,0C
桃,00,0C,0C
案,00,0C,0C
桑,00,0C,0C
桜,00,0C,0C
桟,00,0C,0C
梅,00,0C,0C
械,00,0C,0C
棄,00,0C,0C
棋,00,0C,0C
棒,00,0C,0C
棚,00,0C,0C
棟,00,0C,0C
森,00,0C,0C
棺,00,0C,0C
植,00,0C,0C
検,00,0C,0C
業,00,0C,0C
極,00,0C,0C
楼,00,0C,0C
楽,00,0C,0C
概,00,0C,0C
構,00,0C,0C
様,00,0C,0C
槽,00,0C,0C
標,00,0C,0C
模,00,0C,0C
権,00,0C,0C
横,00,0C,0C
樹,00,0C,0C
橋,00,0C,0C
機,00,0C,0C
欄,00,0C,0C
欠,00,0C,0C
次,00,0C,0C
欧,00,0C,0C
欲,00,0C,0C
欺,00,0C,0C
款,00,0C,0C
歌,00,0C,0C
歓,00,0C,0C
止,00,0C,0C
正,00,0C,0C
武,00,0C,0C
歩,00,0C,0C
歯,00,0C,0C
歳,00,0C,0C
歴,00,0C,0C
死,00,0C,0C
殉,00,0C,0C
殊,00,0C,0C
残,00,0C,0C
殖,00,0C,0C
殴,00,0C,0C
段,00,0C,0C
殺,00,0C,0C
殻,00,0C,0C
殿,00,0C,0C
母,00,0C,0C
毎,00,0C,0C
毒,00,0C,0C
比,00,0C,0C
毛,00,0C,0C
氏,00,0C,0C
民,00,0C,0C
気,00,0C,0C
水,00,0C,0C
氷,00,0C,0C
永,00,0C,0C
汁,00,0C,0C
求,00,0C,0C
汗,00,0C,0C
汚,00,0C,0C
江,00,0C,0C
池,00,0C,0C
決,00,0C,0C
汽,00,0C,0C
沈,00,0C,0C
沖,00,0C,0C
没,00,0C,0C
沢,00,0C,0C
河,00,0C,0C
沸,00,0C,0C
油,00,0C,0C
治,00,0C,0C
沼,00,0C,0C
沿,00,0C,0C
況,00,0C,0C
泉,00,0C,0C
泊,00,0C,0C
泌,00,0C,0C
法,00,0C,0C
泡,00,0C,0C
波,00,0C,0C
泣,00,0C,0C
泥,00,0C,0C
注,00,0C,0C
泰,00,0C,0C
泳,00,0C,0C
洋,00,0C,0C
洗,00,0C,0C
洞,00,0C,0C
津,00,0C,0C
洪,00,0C,0C
活,00,0C,0C
派,00,0C,0C
流,00,0C,0C
浄,00,0C,0C
浅,00,0C,0C
浜,00,0C,0C
浦,00,0C,0C
浪,00,0C,0C
浮,00,0C,0C
浴,00,0C,0C
海,00,0C,0C
浸,00,0C,0C
消,00,0C,0C
涙,00,0C,0C
涯,00,0C,0C
液,00,0C,0C
涼,00,0C,0C
淑,00,0C,0C
淡,00,0C,0C
深,00,0C,0C
混,00,0C,0C
添,00,0C,0C
清,00,0C,0C
渇,00,0C,0C
済,00,0C,0C
渉,00,0C,0C
渋,00,0C,0C
渓,00,0C,0C
減,00,0C,0C
渡,00,0C,0C
渦,00,0C,0C
温,00,0C,0C
測,00,0C,0C
港,00,0C,0C
湖,00,0C,0C
湯,00,0C,0C
湾,00,0C,0C
湿,00,0C,0C
満,00,0C,0C
源,00,0C,0C
準,00,0C,0C
溝,00,0C,0C
溶,00,0C,0C
滅,00,0C,0C
滋,00,0C,0C
滑,00,0C,0C
滝,00,0C,0C
滞,00,0C,0C
滴,00,0C,0C
漁,00,0C,0C
漂,00,0C,0C
漆,00,0C,0C
漏,00,0C,0C
演,00,0C,0C
漠,00,0C,0C
漢,00,0C,0C
漫,00,0C,0C
漬,00,0C,0C
漸,00,0C,0C
潔,00,0C,0C
潜,00,0C,0C
潟,00,0C,0C
潤,00,0C,0C
潮,00,0C,0C
澄,00,0C,0C
激,00,0C,0C
濁,00,0C,0C
濃,00,0C,0C
濫,00,0C,0C
濯,00,0C,0C
瀬,00,0C,0C
火,00,0C,0C
灯,00,0C,0C
灰,00,0C,0C
災,00,0C,0C
炉,00,0C,0C
炊,00,0C,0C
炎,00,0C,0C
炭,00,0C,0C
点,00,0C,0C
為,00,0C,0C
烈,00,0C,0C
無,00,0C,0C
焦,00,0C,0C
然,00,0C,0C
焼,00,0C,0C
煙,00,0C,0C
照,00,0C,0C
煩,00,0C,0C
煮,00,0C,0C
熟,00,0C,0C
熱,00,0C,0C
燃,00,0C,0C
燥,00,0C,0C
爆,00,0C,0C
爵,00,0C,0C
父,00,0C,0C
片,00,0C,0C
版,00,0C,0C
牛,00,0C,0C
牧,00,0C,0C
物,00,0C,0C
牲,00,0C,0C
特,00,0C,0C
犠,00,0C,0C
犬,00,0C,0C
犯,00,0C,0C
状,00,0C,0C
狂,00,0C,0C
狩,00,0C,0C
独,00,0C,0C
狭,00,0C,0C
猛,00,0C,0C
猟,00,0C,0C
猫,00,0C,0C
献,00,0C,0C
猶,00,0C,0C
猿,00,0C,0C
獄,00,0C,0C
獣,00,0C,0C
獲,00,0C,0C
玄,00,0C,0C
率,00,0C,0C
玉,00,0C,0C
王,00,0C,0C
珍,00,0C,0C
珠,00,0C,0C
班,00,0C,0C
現,00,0C,0C
球,00,0C,0C
理,00,0C,0C
琴,00,0C,0C
環,00,0C,0C
璽,00,0C,0C
瓶,00,0C,0C
甘,00,0C,0C
甚,00,0C,0C
生,00,0C,0C
産,00,0C,0C
用,00,0C,0C
田,00,0C,0C
由,00,0C,0C
甲,00,0C,0C
申,00,0C,0C
男,00,0C,0C
町,00,0C,0C
画,00,0C,0C
界,00,0C,0C
畑,00,0C,0C
畔,00,0C,0C
留,00,0C,0C
畜,00,0C,0C
畝,00,0C,0C
略,00,0C,0C
番,00,0C,0C
異,00,0C,0C
畳,00,0C,0C
疎,00,0C,0C
疑,00,0C,0C
疫,00,0C,0C
疲,00,0C,0C
疾,00,0C,0C
病,00,0C,0C
症,00,0C,0C
痘,00,0C,0C
痛,00,0C,0C
痢,00,0C,0C
痴,00,0C,0C
療,00,0C,0C
癒,00,0C,0C
癖,00,0C,0C
発,00,0C,0C
登,00,0C,0C
白,00,0C,0C
百,00,0C,0C
的,00,0C,0C
皆,00,0C,0C
皇,00,0C,0C
皮,00,0C,0C
皿,00,0C,0C
盆,00,0C,0C
益,00,0C,0C
盗,00,0C,0C
盛,00,0C,0C
盟,00,0C,0C
監,00,0C,0C
盤,00,0C,0C
目,00,0C,0C
盲,00,0C,0C
直,00,0C,0C
相,00,0C,0C
盾,00,0C,0C
省,00,0C,0C
看,00,0C,0C
県,00,0C,0C
真,00,0C,0C
眠,00,0C,0C
眺,00,0C,0C
眼,00,0C,0C
着,00,0C,0C
睡,00,0C,0C
督,00,0C,0C
瞬,00,0C,0C
矛,00,0C,0C
矢,00,0C,0C
知,00,0C,0C
短,00,0C,0C
矯,00,0C,0C
石,00,0C,0C
砂,00,0C,0C
研,00,0C,0C
砕,00,0C,0C
砲,00,0C,0C
破,00,0C,0C
硝,00,0C,0C
硫,00,0C,0C
硬,00,0C,0C
碁,00,0C,0C
碑,00,0C,0C
確,00,0C,0C
磁,00,0C,0C
磨,00,0C,0C
礁,00,0C,0C
礎,00,0C,0C
示,00,0C,0C
礼,00,0C,0C
社,00,0C,0C
祈,00,0C,0C
祉,00,0C,0C
祖,00,0C,0C
祝,00,0C,0C
神,00,0C,0C
祥,00,0C,0C
票,00,0C,0C
祭,00,0C,0C
禁,00,0C,0C
禅,00,0C,0C
禍,00,0C,0C
福,00,0C,0C
秀,00,0C,0C
私,00,0C,0C
秋,00,0C,0C
科,00,0C,0C
秒,00,0C,0C
秘,00,0C,0C
租,00,0C,0C
秩,00,0C,0C
称,00,0C,0C
移,00,0C,0C
程,00,0C,0C
税,00,0C,0C
稚,00,0C,0C
種,00,0C,0C
稲,00,0C,0C
稼,00,0C,0C
稿,00,0C,0C
穀,00,0C,0C
穂,00,0C,0C
積,00,0C,0C
穏,00,0C,0C
穫,00,0C,0C
穴,00,0C,0C
究,00,0C,0C
空,00,0C,0C
突,00,0C,0C
窃,00,0C,0C
窒,00,0C,0C
窓,00,0C,0C
窮,00,0C,0C
窯,00,0C,0C
立,00,0C,0C
竜,00,0C,0C
章,00,0C,0C
童,00,0C,0C
端,00,0C,0C
競,00,0C,0C
竹,00,0C,0C
笑,00,0C,0C
笛,00,0C,0C
符,00,0C,0C
第,00,0C,0C
筆,00,0C,0C
等,00,0C,0C
筋,00,0C,0C
筒,00,0C,0C
答,00,0C,0C
策,00,0C,0C
箇,00,0C,0C
算,00,0C,0C
管,00,0C,0C
箱,00,0C,0C
節,00,0C,0C
範,00,0C,0C
築,00,0C,0C
篤,00,0C,0C
簡,00,0C,0C
簿,00,0C,0C
籍,00,0C,0C
米,00,0C,0C
粉,00,0C,0C
粋,00,0C,0C
粒,00,0C,0C
粗,00,0C,0C
粘,00,0C,0C
粛,00,0C,0C
粧,00,0C,0C
精,00,0C,0C
糖,00,0C,0C
糧,00,0C,0C
糸,00,0C,0C
系,00,0C,0C
糾,00,0C,0C
紀,00,0C,0C
約,00,0C,0C
紅,00,0C,0C
紋,00,0C,0C
納,00,0C,0C
純,00,0C,0C
紙,00,0C,0C
級,00,0C,0C
紛,00,0C,0C
素,00,0C,0C
紡,00,0C,0C
索,00,0C,0C
紫,00,0C,0C
累,00,0C,0C
細,00,0C,0C
紳,00,0C,0C
紹,00,0C,0C
紺,00,0C,0C
終,00,0C,0C
組,00,0C,0C
経,00,0C,0C
結,00,0C,0C
絞,00,0C,0C
絡,00,0C,0C
給,00,0C,0C
統,00,0C,0C
絵,00,0C,0C
絶,00,0C,0C
絹,00,0C,0C
継,00,0C,0C
続,00,0C,0C
維,00,0C,0C
綱,00,0C,0C
網,00,0C,0C
綿,00,0C,0C
緊,00,0C,0C
総,00,0C,0C
緑,00,0C,0C
緒,00,0C,0C
線,00,0C,0C
締,00,0C,0C
編,00,0C,0C
緩,00,0C,0C
緯,00,0C,0C
練,00,0C,0C
縁,00,0C,0C
縄,00,0C,0C
縛,00,0C,0C
縦,00,0C,0C
縫,00,0C,0C
縮,00,0C,0C
績,00,0C,0C
繁,00,0C,0C
繊,00,0C,0C
織,00,0C,0C
繕,00,0C,0C
繭,00,0C,0C
繰,00,0C,0C
缶,00,0C,0C
罪,00,0C,0C
置,00,0C,0C
罰,00,0C,0C
署,00,0C,0C
罷,00,0C,0C
羅,00,0C,0C
羊,00,0C,0C
美,00,0C,0C
群,00,0C,0C
義,00,0C,0C
羽,00,0C,0C
翁,00,0C,0C
翌,00,0C,0C
習,00,0C,0C
翻,00,0C,0C
翼,00,0C,0C
老,00,0C,0C
考,00,0C,0C
者,00,0C,0C
耐,00,0C,0C
耕,00,0C,0C
耗,00,0C,0C
耳,00,0C,0C
聖,00,0C,0C
聞,00,0C,0C
聴,00,0C,0C
職,00,0C,0C
肉,00,0C,0C
肌,00,0C,0C
肖,00,0C,0C
肝,00,0C,0C
肢,00,0C,0C
肥,00,0C,0C
肩,00,0C,0C
肪,00,0C,0C
肯,00,0C,0C
育,00,0C,0C
肺,00,0C,0C
胃,00,0C,0C
胆,00,0C,0C
背,00,0C,0C
胎,00,0C,0C
胞,00,0C,0C
胴,00,0C,0C
胸,00,0C,0C
能,00,0C,0C
脂,00,0C,0C
脅,00,0C,0C
脈,00,0C,0C
脚,00,0C,0C
脱,00,0C,0C
脳,00,0C,0C
脹,00,0C,0C
腐,00,0C,0C
腕,00,0C,0C
腰,00,0C,0C
腸,00,0C,0C
腹,00,0C,0C
膚,00,0C,0C
膜,00,0C,0C
膨,00,0C,0C
臓,00,0C,0C
臣,00,0C,0C
臨,00,0C,0C
自,00,0C,0C
臭,00,0C,0C
至,00,0C,0C
致,00,0C,0C
興,00,0C,0C
舌,00,0C,0C
舎,00,0C,0C
舗,00,0C,0C
舞,00,0C,0C
舟,00,0C,0C
航,00,0C,0C
般,00,0C,0C
舶,00,0C,0C
船,00,0C,0C
艇,00,0C,0C
艦,00,0C,0C
良,00,0C,0C
色,00,0C,0C
芋,00,0C,0C
芝,00,0C,0C
花,00,0C,0C
芳,00,0C,0C
芸,00,0C,0C
芽,00,0C,0C
苗,00,0C,0C
若,00,0C,0C
苦,00,0C,0C
英,00,0C,0C
茂,00,0C,0C
茎,00,0C,0C
茶,00,0C,0C
草,00,0C,0C
荒,00,0C,0C
荘,00,0C,0C
荷,00,0C,0C
菊,00,0C,0C
菌,00,0C,0C
菓,00,0C,0C
菜,00,0C,0C
華,00,0C,0C
落,00,0C,0C
葉,00,0C,0C
著,00,0C,0C
葬,00,0C,0C
蒸,00,0C,0C
蓄,00,0C,0C
蔵,00,0C,0C
薄,00,0C,0C
薦,00,0C,0C
薪,00,0C,0C
薫,00,0C,0C
薬,00,0C,0C
藩,00,0C,0C
藻,00,0C,0C
虐,00,0C,0C
虚,00,0C,0C
虜,00,0C,0C
虞,00,0C,0C
虫,00,0C,0C
蚊,00,0C,0C
蚕,00,0C,0C
蛇,00,0C,0C
蛍,00,0C,0C
蛮,00,0C,0C
融,00,0C,0C
血,00,0C,0C
衆,00,0C,0C
行,00,0C,0C
術,00,0C,0C
街,00,0C,0C
衛,00,0C,0C
衝,00,0C,0C
衡,00,0C,0C
衣,00,0C,0C
表,00,0C,0C
衰,00,0C,0C
衷,00,0C,0C
袋,00,0C,0C
被,00,0C,0C
裁,00,0C,0C
裂,00,0C,0C
装,00,0C,0C
裏,00,0C,0C
裕,00,0C,0C
補,00,0C,0C
裸,00,0C,0C
製,00,0C,0C
複,00,0C,0C
褐,00,0C,0C
褒,00,0C,0C
襟,00,0C,0C
襲,00,0C,0C
西,00,0C,0C
要,00,0C,0C
覆,00,0C,0C
覇,00,0C,0C
見,00,0C,0C
規,00,0C,0C
視,00,0C,0C
覚,00,0C,0C
覧,00,0C,0C
親,00,0C,0C
観,00,0C,0C
角,00,0C,0C
解,00,0C,0C
触,00,0C,0C
言,00,0C,0C
訂,00,0C,0C
計,00,0C,0C
討,00,0C,0C
訓,00,0C,0C
託,00,0C,0C
記,00,0C,0C
訟,00,0C,0C
訪,00,0C,0C
設,00,0C,0C
許,00,0C,0C
訳,00,0C,0C
訴,00,0C,0C
診,00,0C,0C
証,00,0C,0C
詐,00,0C,0C
詔,00,0C,0C
評,00,0C,0C
詞,00,0C,0C
詠,00,0C,0C
試,00,0C,0C
詩,00,0C,0C
詰,00,0C,0C
話,00,0C,0C
該,00,0C,0C
詳,00,0C,0C
誇,00,0C,0C
誉,00,0C,0C
誌,00,0C,0C
認,00,0C,0C
誓,00,0C,0C
誕,00,0C,0C
誘,00,0C,0C
語,00,0C,0C
誠,00,0C,0C
誤,00,0C,0C
説,00,0C,0C
読,00,0C,0C
課,00,0C,0C
調,00,0C,0C
談,00,0C,0C
請,00,0C,0C
論,00,0C,0C
諭,00,0C,0C
諮,00,0C,0C
諸,00,0C,0C
諾,00,0C,0C
謀,00,0C,0C
謁,00,0C,0C
謄,00,0C,0C
謙,00,0C,0C
講,00,0C,0C
謝,00,0C,0C
謡,00,0C,0C
謹,00,0C,0C
識,00,0C,0C
譜,00,0C,0C
警,00,0C,0C
議,00,0C,0C
譲,00,0C,0C
護,00,0C,0C
谷,00,0C,0C
豆,00,0C,0C
豊,00,0C,0C
豚,00,0C,0C
象,00,0C,0C
豪,00,0C,0C
貝,00,0C,0C
貞,00,0C,0C
負,00,0C,0C
財,00,0C,0C
貢,00,0C,0C
貧,00,0C,0C
貨,00,0C,0C
販,00,0C,0C
貫,00,0C,0C
責,00,0C,0C
貯,00,0C,0C
貴,00,0C,0C
買,00,0C,0C
貸,00,0C,0C
費,00,0C,0C
貿,00,0C,0C
賀,00,0C,0C
賃,00,0C,0C
賄,00,0C,0C
資,00,0C,0C
賊,00,0C,0C
賓,00,0C,0C
賛,00,0C,0C
賜,00,0C,0C
賞,00,0C,0C
賠,00,0C,0C
賢,00,0C,0C
賦,00,0C,0C
質,00,0C,0C
購,00,0C,0C
贈,00,0C,0C
赤,00,0C,0C
赦,00,0C,0C
走,00,0C,0C
赴,00,0C,0C
起,00,0C,0C
超,00,0C,0C
越,00,0C,0C
趣,00,0C,0C
足,00,0C,0C
距,00,0C,0C
跡,00,0C,0C
路,00,0C,0C
跳,00,0C,0C
践,00,0C,0C
踊,00,0C,0C
踏,00,0C,0C
躍,00,0C,0C
身,00,0C,0C
車,00,0C,0C
軌,00,0C,0C
軍,00,0C,0C
軒,00,0C,0C
軟,00,0C,0C
転,00,0C,0C
軸,00,0C,0C
軽,00,0C,0C
較,00,0C,0C
載,00,0C,0C
輝,00,0C,0C
輩,00,0C,0C
輪,00,0C,0C
輸,00,0C,0C
轄,00,0C,0C
辛,00,0C,0C
辞,00,0C,0C
辱,00,0C,0C
農,00,0C,0C
辺,00,0C,0C
込,00,0C,0C
迅,00,0C,0C
迎,00,0C,0C
近,00,0C,0C
返,00,0C,0C
迫,00,0C,0C
迭,00,0C,0C
述,00,0C,0C
迷,00,0C,0C
追,00,0C,0C
退,00,0C,0C
送,00,0C,0C
逃,00,0C,0C
逆,00,0C,0C
透,00,0C,0C
逐,00,0C,0C
逓,00,0C,0C
途,00,0C,0C
通,00,0C,0C
逝,00,0C,0C
速,00,0C,0C
造,00,0C,0C
連,00,0C,0C
逮,00,0C,0C
週,00,0C,0C
進,00,0C,0C
逸,00,0C,0C
遂,00,0C,0C
遅,00,0C,0C
遇,00,0C,0C
遊,00,0C,0C
運,00,0C,0C
遍,00,0C,0C
過,00,0C,0C
道,00,0C,0C
達,00,0C,0C
違,00,0C,0C
遠,00,0C,0C
遣,00,0C,0C
適,00,0C,0C
遭,00,0C,0C
遮,00,0C,0C
遵,00,0C,0C
遷,00,0C,0C
選,00,0C,0C
遺,00,0C,0C
避,00,0C,0C
還,00,0C,0C
邦,00,0C,0C
邪,00,0C,0C
邸,00,0C,0C
郊,00,0C,0C
郎,00,0C,0C
郡,00,0C,0C
部,00,0C,0C
郭,00,0C,0C
郵,00,0C,0C
郷,00,0C,0C
都,00,0C,0C
酌,00,0C,0C
配,00,0C,0C
酒,00,0C,0C
酔,00,0C,0C
酢,00,0C,0C
酪,00,0C,0C
酬,00,0C,0C
酵,00,0C,0C
酷,00,0C,0C
酸,00,0C,0C
醜,00,0C,0C
醸,00,0C,0C
釈,00,0C,0C
里,00,0C,0C
重,00,0C,0C
野,00,0C,0C
量,00,0C,0C
金,00,0C,0C
針,00,0C,0C
釣,00,0C,0C
鈍,00,0C,0C
鈴,00,0C,0C
鉄,00,0C,0C
鉛,00,0C,0C
鉢,00,0C,0C
鉱,00,0C,0C
銀,00,0C,0C
銃,00,0C,0C
銅,00,0C,0C
銑,00,0C,0C
銘,00,0C,0C
銭,00,0C,0C
鋭,00,0C,0C
鋳,00,0C,0C
鋼,00,0C,0C
錘,00,0C,0C
錠,00,0C,0C
錬,00,0C,0C
錯,00,0C,0C
録,00,0C,0C
鍛,00,0C,0C
鎖,00,0C,0C
鎮,00,0C,0C
鏡,00,0C,0C
鐘,00,0C,0C
鑑,00,0C,0C
長,00,0C,0C
門,00,0C,0C
閉,00,0C,0C
開,00,0C,0C
閑,00,0C,0C
間,00,0C,0C
関,00,0C,0C
閣,00,0C,0C
閥,00,0C,0C
閲,00,0C,0C
闘,00,0C,0C
防,00,0C,0C
阻,00,0C,0C
附,00,0C,0C
降,00,0C,0C
限,00,0C,0C
陛,00,0C,0C
院,00,0C,0C
陣,00,0C,0C
除,00,0C,0C
陥,00,0C,0C
陪,00,0C,0C
陰,00,0C,0C
陳,00,0C,0C
陵,00,0C,0C
陶,00,0C,0C
陸,00,0C,0C
険,00,0C,0C
陽,00,0C,0C
隅,00,0C,0C
隆,00,0C,0C
隊,00,0C,0C
階,00,0C,0C
随,00,0C,0C
隔,00,0C,0C
際,00,0C,0C
障,00,0C,0C
隠,00,0C,0C
隣,00,0C,0C
隷,00,0C,0C
隻,00,0C,0C
雄,00,0C,0C
雅,00,0C,0C
集,00,0C,0C
雇,00,0C,0C
雌,00,0C,0C
雑,00,0C,0C
離,00,0C,0C
難,00,0C,0C
雨,00,0C,0C
雪,00,0C,0C
雰,00,0C,0C
雲,00,0C,0C
零,00,0C,0C
雷,00,0C,0C
電,00,0C,0C
需,00,0C,0C
震,00,0C,0C
霊,00,0C,0C
霜,00,0C,0C
霧,00,0C,0C
露,00,0C,0C
青,00,0C,0C
静,00,0C,0C
非,00,0C,0C
面,00,0C,0C
革,00,0C,0C
靴,00,0C,0C
音,00,0C,0C
韻,00,0C,0C
響,00,0C,0C
頂,00,0C,0C
項,00,0C,0C
順,00,0C,0C
預,00,0C,0C
頑,00,0C,0C
頒,00,0C,0C
領,00,0C,0C
頭,00,0C,0C
頻,00,0C,0C
頼,00,0C,0C
題,00,0C,0C
額,00,0C,0C
顔,00,0C,0C
顕,00,0C,0C
願,00,0C,0C
類,00,0C,0C
顧,00,0C,0C
風,00,0C,0C
飛,00,0C,0C
食,00,0C,0C
飢,00,0C,0C
飯,00,0C,0C
飲,00,0C,0C
飼,00,0C,0C
飽,00,0C,0C
飾,00,0C,0C
養,00,0C,0C
餓,00,0C,0C
館,00,0C,0C
首,00,0C,0C
香,00,0C,0C
馬,00,0C,0C
駄,00,0C,0C
駅,00,0C,0C
駆,00,0C,0C
駐,00,0C,0C
騎,00,0C,0C
騒,00,0C,0C
験,00,0C,0C
騰,00,0C,0C
驚,00,0C,0C
骨,00,0C,0C
髄,00,0C,0C
高,00,0C,0C
髪,00,0C,0C
鬼,00,0C,0C
魂,00,0C,0C
魅,00,0C,0C
魔,00,0C,0C
魚,00,0C,0C
鮮,00,0C,0C
鯨,00,0C,0C
鳥,00,0C,0C
鳴,00,0C,0C
鶏,00,0C,0C
麗,00,0C,0C
麦,00,0C,0C
麻,00,0C,0C
黄,00,0C,0C
黒,00,0C,0C
黙,00,0C,0C
鼓,00,0C,0C
鼻,00,0C,0C
齢,00,0C,0C
가,00,0C,0C
각,00,0C,0C
간,00,0C,0C
갇,00,0C,0C
갈,00,0C,0C
갉,00,0C,0C
갊,00,0C,0C
감,00,0C,0C
갑,00,0C,0C
값,00,0C,0C
갓,00,0C,0C
갔,00,0C,0C
강,00,0C,0C
갖,00,0C,0C
갗,00,0C,0C
같,00,0C,0C
갚,00,0C,0C
갛,00,0C,0C
개,00,0C,0C
객,00,0C,0C
갠,00,0C,0C
갤,00,0C,0C
갬,00,0C,0C
갭,00,0C,0C
갯,00,0C,0C
갰,00,0C,0C
갱,00,0C,0C
갸,00,0C,0C
갹,00,0C,0C
갼,00,0C,0C
걀,00,0C,0C
걋,00,0C,0C
걍,00,0C,0C
걔,00,0C,0C
걘,00,0C,0C
걜,00,0C,0C
거,00,0C,0C
걱,00,0C,0C
건,00,0C,0C
걷,00,0C,0C
걸,00,0C,0C
걺,00,0C,0C
검,00,0C,0C
겁,00,0C,0C
것,00,0C,0C
겄,00,0C,0C
겅,00,0C,0C
겆,00,0C,0C
겉,00,0C,0C
겊,00,0C,0C
겋,00,0C,0C
게,00,0C,0C
겐,00,0C,0C
겔,00,0C,0C
겜,00,0C,0C
겝,00,0C,0C
겟,00,0C,0C
겠,00,0C,0C
겡,00,0C,0C
겨,00,0C,0C
격,00,0C,0C
겪,00,0C,0C
견,00,0C,0C
겯,00,0C,0C
결,00,0C,0C
겸,00,0C,0C
겹,00,0C,0C
겻,00,0C,0C
겼,00,0C,0C
경,00,0C,0C
곁,00,0C,0C
계,00,0C,0C
곈,00,0C,0C
곌,00,0C,0C
곕,00,0C,0C
곗,00,0C,0C
고,00,0C,0C
곡,00,0C,0C
곤,00,0C,0C
곧,00,0C,0C
골,00,0C,0C
곪,00,0C,0C
곬,00,0C,0C
곯,00,0C,0C
곰,00,0C,0C
곱,00,0C,0C
곳,00,0C,0C
공,00,0C,0C
곶,00,0C,0C
과,00,0C,0C
곽,00,0C,0C
관,00,0C,0C
괄,00,0C,0C
괆,00,0C,0C
괌,00,0C,0C
괍,00,0C,0C
괏,00,0C,0C
광,00,0C,0C
괘,00,0C,0C
괜,00,0C,0C
괠,00,0C,0C
괩,00,0C,0C
괬,00,0C,0C
괭,00,0C,0C
괴,00,0C,0C
괵,00,0C,0C
괸,00,0C,0C
괼,00,0C,0C
굄,00,0C,0C
굅,00,0C,0C
굇,00,0C,0C
굉,00,0C,0C
교,00,0C,0C
굔,00,0C,0C
굘,00,0C,0C
굡,00,0C,0C
굣,00,0C,0C
구,00,0C,0C
국,00,0C,0C
군,00,0C,0C
굳,00,0C,0C
굴,00,0C,0C
굵,00,0C,0C
굶,00,0C,0C
굻,00,0C,0C
굼,00,0C,0C
굽,00,0C,0C
굿,00,0C,0C
궁,00,0C,0C
궂,00,0C,0C
궈,00,0C,0C
궉,00,0C,0C
권,00,0C,0C
궐,00,0C,0C
궜,00,0C,0C
궝,00,0C,0C
궤,00,0C,0C
궷,00,0C,0C
귀,00,0C,0C
귁,00,0C,0C
귄,00,0C,0C
귈,00,0C,0C
귐,00,0C,0C
귑,00,0C,0C
귓,00,0C,0C
규,00,0C,0C
균,00,0C,0C
귤,00,0C,0C
그,00,0C,0C
극,00,0C,0C
근,00,0C,0C
귿,00,0C,0C
글,00,0C,0C
긁,00,0C,0C
금,00,0C,0C
급,00,0C,0C
긋,00,0C,0C
긍,00,0C,0C
긔,00,0C,0C
기,00,0C,0C
긱,00,0C,0C
긴,00,0C,0C
긷,00,0C,0C
길,00,0C,0C
긺,00,0C,0C
김,00,0C,0C
깁,00,0C,0C
깃,00,0C,0C
깅,00,0C,0C
깆,00,0C,0C
깊,00,0C,0C
까,00,0C,0C
깍,00,0C,0C
깎,00,0C,0C
깐,00,0C,0C
깔,00,0C,0C
깖,00,0C,0C
깜,00,0C,0C
깝,00,0C,0C
깟,00,0C,0C
깠,00,0C,0C
깡,00,0C,0C
깥,00,0C,0C
깨,00,0C,0C
깩,00,0C,0C
깬,00,0C,0C
깰,00,0C,0C
깸,00,0C,0C
깹,00,0C,0C
깻,00,0C,0C
깼,00,0C,0C
깽,00,0C,0C
꺄,00,0C,0C
꺅,00,0C,0C
꺌,00,0C,0C
꺼,00,0C,0C
꺽,00,0C,0C
꺾,00,0C,0C
껀,00,0C,0C
껄,00,0C,0C
껌,00,0C,0C
껍,00,0C,0C
껏,00,0C,0C
껐,00,0C,0C
껑,00,0C,0C
께,00,0C,0C
껙,00,0C,0C
껜,00,0C,0C
껨,00,0C,0C
껫,00,0C,0C
껭,00,0C,0C
껴,00,0C,0C
껸,00,0C,0C
껼,00,0C,0C
꼇,00,0C,0C
꼈,00,0C,0C
꼍,00,0C,0C
꼐,00,0C,0C
꼬,00,0C,0C
꼭,00,0C,0C
꼰,00,0C,0C
꼲,00,0C,0C
꼴,00,0C,0C
꼼,00,0C,0C
꼽,00,0C,0C
꼿,00,0C,0C
꽁,00,0C,0C
꽂,00,0C,0C
꽃,00,0C,0C
꽈,00,0C,0C
꽉,00,0C,0C
꽐,00,0C,0C
꽜,00,0C,0C
꽝,00,0C,0C
꽤,00,0C,0C
꽥,00,0C,0C
꽹,00,0C,0C
꾀,00,0C,0C
꾄,00,0C,0C
꾈,00,0C,0C
꾐,00,0C,0C
꾑,00,0C,0C
꾕,00,0C,0C
꾜,00,0C,0C
꾸,00,0C,0C
꾹,00,0C,0C
꾼,00,0C,0C
꿀,00,0C,0C
꿇,00,0C,0C
꿈,00,0C,0C
꿉,00,0C,0C
꿋,00,0C,0C
꿍,00,0C,0C
꿎,00,0C,0C
꿔,00,0C,0C
꿜,00,0C,0C
꿨,00,0C,0C
꿩,00,0C,0C
꿰,00,0C,0C
꿱,00,0C,0C
꿴,00,0C,0C
꿸,00,0C,0C
뀀,00,0C,0C
뀁,00,0C,0C
뀄,00,0C,0C
뀌,00,0C,0C
뀐,00,0C,0C
뀔,00,0C,0C
뀜,00,0C,0C
뀝,00,0C,0C
뀨,00,0C,0C
끄,00,0C,0C
끅,00,0C,0C
끈,00,0C,0C
끊,00,0C,0C
끌,00,0C,0C
끎,00,0C,0C
끓,00,0C,0C
끔,00,0C,0C
끕,00,0C,0C
끗,00,0C,0C
끙,00,0C,0C
끝,00,0C,0C
끼,00,0C,0C
끽,00,0C,0C
낀,00,0C,0C
낄,00,0C,0C
낌,00,0C,0C
낍,00,0C,0C
낏,00,0C,0C
낑,00,0C,0C
나,00,0C,0C
낙,00,0C,0C
낚,00,0C,0C
난,00,0C,0C
낟,00,0C,0C
날,00,0C,0C
낡,00,0C,0C
낢,00,0C,0C
남,00,0C,0C
납,00,0C,0C
낫,00,0C,0C
났,00,0C,0C
낭,00,0C,0C
낮,00,0C,0C
낯,00,0C,0C
낱,00,0C,0C
낳,00,0C,0C
내,00,0C,0C
낵,00,0C,0C
낸,00,0C,0C
낼,00,0C,0C
냄,00,0C,0C
냅,00,0C,0C
냇,00,0C,0C
냈,00,0C,0C
냉,00,0C,0C
냐,00,0C,0C
냑,00,0C,0C
냔,00,0C,0C
냘,00,0C,0C
냠,00,0C,0C
냥,00,0C,0C
너,00,0C,0C
넉,00,0C,0C
넋,00,0C,0C
넌,00,0C,0C
널,00,0C,0C
넒,00,0C,0C
넓,00,0C,0C
넘,00,0C,0C
넙,00,0C,0C
넛,00,0C,0C
넜,00,0C,0C
넝,00,0C,0C
넣,00,0C,0C
네,00,0C,0C
넥,00,0C,0C
넨,00,0C,0C
넬,00,0C,0C
넴,00,0C,0C
넵,00,0C,0C
넷,00,0C,0C
넸,00,0C,0C
넹,00,0C,0C
녀,00,0C,0C
녁,00,0C,0C
년,00,0C,0C
녈,00,0C,0C
념,00,0C,0C
녑,00,0C,0C
녔,00,0C,0C
녕,00,0C,0C
녘,00,0C,0C
녜,00,0C,0C
녠,00,0C,0C
노,00,0C,0C
녹,00,0C,0C
논,00,0C,0C
놀,00,0C,0C
놂,00,0C,0C
놈,00,0C,0C
놉,00,0C,0C
놋,00,0C,0C
농,00,0C,0C
높,00,0C,0C
놓,00,0C,0C
놔,00,0C,0C
놘,00,0C,0C
놜,00,0C,0C
놨,00,0C,0C
뇌,00,0C,0C
뇐,00,0C,0C
뇔,00,0C,0C
뇜,00,0C,0C
뇝,00,0C,0C
뇟,00,0C,0C
뇨,00,0C,0C
뇩,00,0C,0C
뇬,00,0C,0C
뇰,00,0C,0C
뇹,00,0C,0C
뇻,00,0C,0C
뇽,00,0C,0C
누,00,0C,0C
눅,00,0C,0C
눈,00,0C,0C
눋,00,0C,0C
눌,00,0C,0C
눔,00,0C,0C
눕,00,0C,0C
눗,00,0C,0C
눙,00,0C,0C
눠,00,0C,0C
눴,00,0C,0C
눼,00,0C,0C
뉘,00,0C,0C
뉜,00,0C,0C
뉠,00,0C,0C
뉨,00,0C,0C
뉩,00,0C,0C
뉴,00,0C,0C
뉵,00,0C,0C
뉼,00,0C,0C
늄,00,0C,0C
늅,00,0C,0C
늉,00,0C,0C
느,00,0C,0C
늑,00,0C,0C
는,00,0C,0C
늘,00,0C,0C
늙,00,0C,0C
늚,00,0C,0C
늠,00,0C,0C
늡,00,0C,0C
늣,00,0C,0C
능,00,0C,0C
늦,00,0C,0C
늪,00,0C,0C
늬,00,0C,0C
늰,00,0C,0C
늴,00,0C,0C
니,00,0C,0C
닉,00,0C,0C
닌,00,0C,0C
닐,00,0C,0C
닒,00,0C,0C
님,00,0C,0C
닙,00,0C,0C
닛,00,0C,0C
닝,00,0C,0C
닢,00,0C,0C
다,00,0C,0C
닥,00,0C,0C
닦,00,0C,0C
단,00,0C,0C
닫,00,0C,0C
달,00,0C,0C
닭,00,0C,0C
닮,00,0C,0C
닯,00,0C,0C
닳,00,0C,0C
담,00,0C,0C
답,00,0C,0C
닷,00,0C,0C
닸,00,0C,0C
당,00,0C,0C
닺,00,0C,0C
닻,00,0C,0C
닿,00,0C,0C
대,00,0C,0C
댁,00,0C,0C
댄,00,0C,0C
댈,00,0C,0C
댐,00,0C,0C
댑,00,0C,0C
댓,00,0C,0C
댔,00,0C,0C
댕,00,0C,0C
댜,00,0C,0C
더,00,0C,0C
덕,00,0C,0C
덖,00,0C,0C
던,00,0C,0C
덛,00,0C,0C
덜,00,0C,0C
덞,00,0C,0C
덟,00,0C,0C
덤,00,0C,0C
덥,00,0C,0C
덧,00,0C,0C
덩,00,0C,0C
덫,00,0C,0C
덮,00,0C,0C
데,00,0C,0C
덱,00,0C,0C
덴,00,0C,0C
델,00,0C,0C
뎀,00,0C,0C
뎁,00,0C,0C
뎃,00,0C,0C
뎄,00,0C,0C
뎅,00,0C,0C
뎌,00,0C,0C
뎐,00,0C,0C
뎔,00,0C,0C
뎠,00,0C,0C
뎡,00,0C,0C
뎨,00,0C,0C
뎬,00,0C,0C
도,00,0C,0C
독,00,0C,0C
돈,00,0C,0C
돋,00,0C,0C
돌,00,0C,0C
돎,00,0C,0C
돐,00,0C,0C
돔,00,0C,0C
돕,00,0C,0C
돗,00,0C,0C
동,00,0C,0C
돛,00,0C,0C
돝,00,0C,0C
돠,00,0C,0C
돤,00,0C,0C
돨,00,0C,0C
돼,00,0C,0C
됐,00,0C,0C
되,00,0C,0C
된,00,0C,0C
될,00,0C,0C
됨,00,0C,0C
됩,00,0C,0C
됫,00,0C,0C
됴,00,0C,0C
두,00,0C,0C
둑,00,0C,0C
둔,00,0C,0C
둘,00,0C,0C
둠,00,0C,0C
둡,00,0C,0C
둣,00,0C,0C
둥,00,0C,0C
둬,00,0C,0C
뒀,00,0C,0C
뒈,00,0C,0C
뒝,00,0C,0C
뒤,00,0C,0C
뒨,00,0C,0C
뒬,00,0C,0C
뒵,00,0C,0C
뒷,00,0C,0C
뒹,00,0C,0C
듀,00,0C,0C
듄,00,0C,0C
듈,00,0C,0C
듐,00,0C,0C
듕,00,0C,0C
드,00,0C,0C
득,00,0C,0C
든,00,0C,0C
듣,00,0C,0C
들,00,0C,0C
듦,00,0C,0C
듬,00,0C,0C
듭,00,0C,0C
듯,00,0C,0C
등,00,0C,0C
듸,00,0C,0C
디,00,0C,0C
딕,00,0C,0C
딘,00,0C,0C
딛,00,0C,0C
딜,00,0C,0C
딤,00,0C,0C
딥,00,0C,0C
딧,00,0C,0C
딨,00,0C,0C
딩,00,0C,0C
딪,00,0C,0C
따,00,0C,0C
딱,00,0C,0C
딴,00,0C,0C
딸,00,0C,0C
땀,00,0C,0C
땁,00,0C,0C
땃,00,0C,0C
땄,00,0C,0C
땅,00,0C,0C
땋,00,0C,0C
때,00,0C,0C
땍,00,0C,0C
땐,00,0C,0C
땔,00,0C,0C
땜,00,0C,0C
땝,00,0C,0C
땟,00,0C,0C
땠,00,0C,0C
땡,00,0C,0C
떠,00,0C,0C
떡,00,0C,0C
떤,00,0C,0C
떨,00,0C,0C
떪,00,0C,0C
떫,00,0C,0C
떰,00,0C,0C
떱,00,0C,0C
떳,00,0C,0C
떴,00,0C,0C
떵,00,0C,0C
떻,00,0C,0C
떼,00,0C,0C
떽,00,0C,0C
뗀,00,0C,0C
뗄,00,0C,0C
뗌,00,0C,0C
뗍,00,0C,0C
뗏,00,0C,0C
뗐,00,0C,0C
뗑,00,0C,0C
뗘,00,0C,0C
뗬,00,0C,0C
또,00,0C,0C
똑,00,0C,0C
똔,00,0C,0C
똘,00,0C,0C
똥,00,0C,0C
똬,00,0C,0C
똴,00,0C,0C
뙈,00,0C,0C
뙤,00,0C,0C
뙨,00,0C,0C
뚜,00,0C,0C
뚝,00,0C,0C
뚠,00,0C,0C
뚤,00,0C,0C
뚫,00,0C,0C
뚬,00,0C,0C
뚱,00,0C,0C
뛔,00,0C,0C
뛰,00,0C,0C
뛴,00,0C,0C
뛸,00,0C,0C
뜀,00,0C,0C
뜁,00,0C,0C
뜅,00,0C,0C
뜨,00,0C,0C
뜩,00,0C,0C
뜬,00,0C,0C
뜯,00,0C,0C
뜰,00,0C,0C
뜸,00,0C,0C
뜹,00,0C,0C
뜻,00,0C,0C
띄,00,0C,0C
띈,00,0C,0C
띌,00,0C,0C
띔,00,0C,0C
띕,00,0C,0C
띠,00,0C,0C
띤,00,0C,0C
띨,00,0C,0C
띰,00,0C,0C
띱,00,0C,0C
띳,00,0C,0C
띵,00,0C,0C
라,00,0C,0C
락,00,0C,0C
란,00,0C,0C
랄,00,0C,0C
람,00,0C,0C
랍,00,0C,0C
랏,00,0C,0C
랐,00,0C,0C
랑,00,0C,0C
랒,00,0C,0C
랖,00,0C,0C
랗,00,0C,0C
래,00,0C,0C
랙,00,0C,0C
랜,00,0C,0C
랠,00,0C,0C
램,00,0C,0C
랩,00,0C,0C
랫,00,0C,0C
랬,00,0C,0C
랭,00,0C,0C
랴,00,0C,0C
략,00,0C,0C
랸,00,0C,0C
럇,00,0C,0C
량,00,0C,0C
러,00,0C,0C
럭,00,0C,0C
런,00,0C,0C
럴,00,0C,0C
럼,00,0C,0C
럽,00,0C,0C
럿,00,0C,0C
렀,00,0C,0C
렁,00,0C,0C
렇,00,0C,0C
레,00,0C,0C
렉,00,0C,0C
렌,00,0C,0C
렐,00,0C,0C
렘,00,0C,0C
렙,00,0C,0C
렛,00,0C,0C
렝,00,0C,0C
려,00,0C,0C
력,00,0C,0C
련,00,0C,0C
렬,00,0C,0C
렴,00,0C,0C
렵,00,0C,0C
렷,00,0C,0C
렸,00,0C,0C
령,00,0C,0C
례,00,0C,0C
롄,00,0C,0C
롑,00,0C,0C
롓,00,0C,0C
로,00,0C,0C
록,00,0C,0C
론,00,0C,0C
롤,00,0C,0C
롬,00,0C,0C
롭,00,0C,0C
롯,00,0C,0C
롱,00,0C,0C
롸,00,0C,0C
롼,00,0C,0C
뢍,00,0C,0C
뢔,00,0C,0C
뢨,00,0C,0C
뢰,00,0C,0C
뢴,00,0C,0C
뢸,00,0C,0C
룀,00,0C,0C
룁,00,0C,0C
룃,00,0C,0C
룅,00,0C,0C
료,00,0C,0C
룐,00,0C,0C
룔,00,0C,0C
룝,00,0C,0C
룟,00,0C,0C
룡,00,0C,0C
루,00,0C,0C
룩,00,0C,0C
룬,00,0C,0C
룰,00,0C,0C
룸,00,0C,0C
룹,00,0C,0C
룻,00,0C,0C
룽,00,0C,0C
뤄,00,0C,0C
뤘,00,0C,0C
뤠,00,0C,0C
뤼,00,0C,0C
뤽,00,0C,0C
륀,00,0C,0C
륄,00,0C,0C
륌,00,0C,0C
륏,00,0C,0C
륑,00,0C,0C
류,00,0C,0C
륙,00,0C,0C
륜,00,0C,0C
률,00,0C,0C
륨,00,0C,0C
륩,00,0C,0C
륫,00,0C,0C
륭,00,0C,0C
르,00,0C,0C
륵,00,0C,0C
른,00,0C,0C
를,00,0C,0C
름,00,0C,0C
릅,00,0C,0C
릇,00,0C,0C
릉,00,0C,0C
릊,00,0C,0C
릍,00,0C,0C
릎,00,0C,0C
리,00,0C,0C
릭,00,0C,0C
린,00,0C,0C
릴,00,0C,0C
림,00,0C,0C
립,00,0C,0C
릿,00,0C,0C
링,00,0C,0C
마,00,0C,0C
막,00,0C,0C
만,00,0C,0C
많,00,0C,0C
맏,00,0C,0C
말,00,0C,0C
맑,00,0C,0C
맒,00,0C,0C
맘,00,0C,0C
맙,00,0C,0C
맛,00,0C,0C
망,00,0C,0C
맞,00,0C,0C
맡,00,0C,0C
맣,00,0C,0C
매,00,0C,0C
맥,00,0C,0C
맨,00,0C,0C
맬,00,0C,0C
맴,00,0C,0C
맵,00,0C,0C
맷,00,0C,0C
맸,00,0C,0C
맹,00,0C,0C
맺,00,0C,0C
먀,00,0C,0C
먁,00,0C,0C
먈,00,0C,0C
먕,00,0C,0C
머,00,0C,0C
먹,00,0C,0C
먼,00,0C,0C
멀,00,0C,0C
멂,00,0C,0C
멈,00,0C,0C
멉,00,0C,0C
멋,00,0C,0C
멍,00,0C,0C
멎,00,0C,0C
멓,00,0C,0C
메,00,0C,0C
멕,00,0C,0C
멘,00,0C,0C
멜,00,0C,0C
멤,00,0C,0C
멥,00,0C,0C
멧,00,0C,0C
멨,00,0C,0C
멩,00,0C,0C
며,00,0C,0C
멱,00,0C,0C
면,00,0C,0C
멸,00,0C,0C
몃,00,0C,0C
몄,00,0C,0C
명,00,0C,0C
몇,00,0C,0C
몌,00,0C,0C
모,00,0C,0C
목,00,0C,0C
몫,00,0C,0C
몬,00,0C,0C
몰,00,0C,0C
몲,00,0C,0C
몸,00,0C,0C
몹,00,0C,0C
못,00,0C,0C
몽,00,0C,0C
뫄,00,0C,0C
뫈,00,0C,0C
뫘,00,0C,0C
뫙,00,0C,0C
뫼,00,0C,0C
묀,00,0C,0C
묄,00,0C,0C
묍,00,0C,0C
묏,00,0C,0C
묑,00,0C,0C
묘,00,0C,0C
묜,00,0C,0C
묠,00,0C,0C
묩,00,0C,0C
묫,00,0C,0C
무,00,0C,0C
묵,00,0C,0C
묶,00,0C,0C
문,00,0C,0C
묻,00,0C,0C
물,00,0C,0C
묽,00,0C,0C
묾,00,0C,0C
뭄,00,0C,0C
뭅,00,0C,0C
뭇,00,0C,0C
뭉,00,0C,0C
뭍,00,0C,0C
뭏,00,0C,0C
뭐,00,0C,0C
뭔,00,0C,0C
뭘,00,0C,0C
뭡,00,0C,0C
뭣,00,0C,0C
뭬,00,0C,0C
뮈,00,0C,0C
뮌,00,0C,0C
뮐,00,0C,0C
뮤,00,0C,0C
뮨,00,0C,0C
뮬,00,0C,0C
뮴,00,0C,0C
뮷,00,0C,0C
므,00,0C,0C
믄,00,0C,0C
믈,00,0C,0C
믐,00,0C,0C
믓,00,0C,0C
미,00,0C,0C
믹,00,0C,0C
민,00,0C,0C
믿,00,0C,0C
밀,00,0C,0C
밂,00,0C,0C
밈,00,0C,0C
밉,00,0C,0C
밋,00,0C,0C
밌,00,0C,0C
밍,00,0C,0C
및,00,0C,0C
밑,00,0C,0C
바,00,0C,0C
박,00,0C,0C
밖,00,0C,0C
밗,00,0C,0C
반,00,0C,0C
받,00,0C,0C
발,00,0C,0C
밝,00,0C,0C
밞,00,0C,0C
밟,00,0C,0C
밤,00,0C,0C
밥,00,0C,0C
밧,00,0C,0C
방,00,0C,0C
밭,00,0C,0C
배,00,0C,0C
백,00,0C,0C
밴,00,0C,0C
밸,00,0C,0C
뱀,00,0C,0C
뱁,00,0C,0C
뱃,00,0C,0C
뱄,00,0C,0C
뱅,00,0C,0C
뱉,00,0C,0C
뱌,00,0C,0C
뱍,00,0C,0C
뱐,00,0C,0C
뱝,00,0C,0C
버,00,0C,0C
벅,00,0C,0C
번,00,0C,0C
벋,00,0C,0C
벌,00,0C,0C
벎,00,0C,0C
범,00,0C,0C
법,00,0C,0C
벗,00,0C,0C
벙,00,0C,0C
벚,00,0C,0C
베,00,0C,0C
벡,00,0C,0C
벤,00,0C,0C
벧,00,0C,0C
벨,00,0C,0C
벰,00,0C,0C
벱,00,0C,0C
벳,00,0C,0C
벴,00,0C,0C
벵,00,0C,0C
벼,00,0C,0C
벽,00,0C,0C
변,00,0C,0C
별,00,0C,0C
볍,00,0C,0C
볏,00,0C,0C
볐,00,0C,0C
병,00,0C,0C
볕,00,0C,0C
볘,00,0C,0C
볜,00,0C,0C
보,00,0C,0C
복,00,0C,0C
볶,00,0C,0C
본,00,0C,0C
볼,00,0C,0C
봄,00,0C,0C
봅,00,0C,0C
봇,00,0C,0C
봉,00,0C,0C
봐,00,0C,0C
봔,00,0C,0C
봤,00,0C,0C
봬,00,0C,0C
뵀,00,0C,0C
뵈,00,0C,0C
뵉,00,0C,0C
뵌,00,0C,0C
뵐,00,0C,0C
뵘,00,0C,0C
뵙,00,0C,0C
뵤,00,0C,0C
뵨,00,0C,0C
부,00,0C,0C
북,00,0C,0C
분,00,0C,0C
붇,00,0C,0C
불,00,0C,0C
붉,00,0C,0C
붊,00,0C,0C
붐,00,0C,0C
붑,00,0C,0C
붓,00,0C,0C
붕,00,0C,0C
붙,00,0C,0C
붚,00,0C,0C
붜,00,0C,0C
붤,00,0C,0C
붰,00,0C,0C
붸,00,0C,0C
뷔,00,0C,0C
뷕,00,0C,0C
뷘,00,0C,0C
뷜,00,0C,0C
뷩,00,0C,0C
뷰,00,0C,0C
뷴,00,0C,0C
뷸,00,0C,0C
븀,00,0C,0C
븃,00,0C,0C
븅,00,0C,0C
브,00,0C,0C
븍,00,0C,0C
븐,00,0C,0C
블,00,0C,0C
븜,00,0C,0C
븝,00,0C,0C
븟,00,0C,0C
비,00,0C,0C
빅,00,0C,0C
빈,00,0C,0C
빌,00,0C,0C
빎,00,0C,0C
빔,00,0C,0C
빕,00,0C,0C
빗,00,0C,0C
빙,00,0C,0C
빚,00,0C,0C
빛,00,0C,0C
빠,00,0C,0C
빡,00,0C,0C
빤,00,0C,0C
빨,00,0C,0C
빪,00,0C,0C
빰,00,0C,0C
빱,00,0C,0C
빳,00,0C,0C
빴,00,0C,0C
빵,00,0C,0C
빻,00,0C,0C
빼,00,0C,0C
빽,00,0C,0C
뺀,00,0C,0C
뺄,00,0C,0C
뺌,00,0C,0C
뺍,00,0C,0C
뺏,00,0C,0C
뺐,00,0C,0C
뺑,00,0C,0C
뺘,00,0C,0C
뺙,00,0C,0C
뺨,00,0C,0C
뻐,00,0C,0C
뻑,00,0C,0C
뻔,00,0C,0C
뻗,00,0C,0C
뻘,00,0C,0C
뻠,00,0C,0C
뻣,00,0C,0C
뻤,00,0C,0C
뻥,00,0C,0C
뻬,00,0C,0C
뼁,00,0C,0C
뼈,00,0C,0C
뼉,00,0C,0C
뼘,00,0C,0C
뼙,00,0C,0C
뼛,00,0C,0C
뼜,00,0C,0C
뼝,00,0C,0C
뽀,00,0C,0C
뽁,00,0C,0C
뽄,00,0C,0C
뽈,00,0C,0C
뽐,00,0C,0C
뽑,00,0C,0C
뽕,00,0C,0C
뾔,00,0C,0C
뾰,00,0C,0C
뿅,00,0C,0C
뿌,00,0C,0C
뿍,00,0C,0C
뿐,00,0C,0C
뿔,00,0C,0C
뿜,00,0C,0C
뿟,00,0C,0C
뿡,00,0C,0C
쀼,00,0C,0C
쁑,00,0C,0C
쁘,00,0C,0C
쁜,00,0C,0C
쁠,00,0C,0C
쁨,00,0C,0C
쁩,00,0C,0C
삐,00,0C,0C
삑,00,0C,0C
삔,00,0C,0C
삘,00,0C,0C
삠,00,0C,0C
삡,00,0C,0C
삣,00,0C,0C
삥,00,0C,0C
사,00,0C,0C
삭,00,0C,0C
삯,00,0C,0C
산,00,0C,0C
삳,00,0C,0C
살,00,0C,0C
삵,00,0C,0C
삶,00,0C,0C
삼,00,0C,0C
삽,00,0C,0C
삿,00,0C,0C
샀,00,0C,0C
상,00,0C,0C
샅,00,0C,0C
새,00,0C,0C
색,00,0C,0C
샌,00,0C,0C
샐,00,0C,0C
샘,00,0C,0C
샙,00,0C,0C
샛,00,0C,0C
샜,00,0C,0C
생,00,0C,0C
샤,00,0C,0C
샥,00,0C,0C
샨,00,0C,0C
샬,00,0C,0C
샴,00,0C,0C
샵,00,0C,0C
샷,00,0C,0C
샹,00,0C,0C
섀,00,0C,0C
섄,00,0C,0C
섈,00,0C,0C
섐,00,0C,0C
섕,00,0C,0C
서,00,0C,0C
석,00,0C,0C
섞,00,0C,0C
섟,00,0C,0C
선,00,0C,0C
섣,00,0C,0C
설,00,0C,0C
섦,00,0C,0C
섧,00,0C,0C
섬,00,0C,0C
섭,00,0C,0C
섯,00,0C,0C
섰,00,0C,0C
성,00,0C,0C
섶,00,0C,0C
세,00,0C,0C
섹,00,0C,0C
센,00,0C,0C
셀,00,0C,0C
셈,00,0C,0C
셉,00,0C,0C
셋,00,0C,0C
셌,00,0C,0C
셍,00,0C,0C
셔,00,0C,0C
셕,00,0C,0C
션,00,0C,0C
셜,00,0C,0C
셤,00,0C,0C
셥,00,0C,0C
셧,00,0C,0C
셨,00,0C,0C
셩,00,0C,0C
셰,00,0C,0C
셴,00,0C,0C
셸,00,0C,0C
솅,00,0C,0C
소,00,0C,0C
속,00,0C,0C
솎,00,0C,0C
손,00,0C,0C
솔,00,0C,0C
솖,00,0C,0C
솜,00,0C,0C
솝,00,0C,0C
솟,00,0C,0C
송,00,0C,0C
솥,00,0C,0C
솨,00,0C,0C
솩,00,0C,0C
솬,00,0C,0C
솰,00,0C,0C
솽,00,0C,0C
쇄,00,0C,0C
쇈,00,0C,0C
쇌,00,0C,0C
쇔,00,0C,0C
쇗,00,0C,0C
쇘,00,0C,0C
쇠,00,0C,0C
쇤,00,0C,0C
쇨,00,0C,0C
쇰,00,0C,0C
쇱,00,0C,0C
쇳,00,0C,0C
쇼,00,0C,0C
쇽,00,0C,0C
숀,00,0C,0C
숄,00,0C,0C
숌,00,0C,0C
숍,00,0C,0C
숏,00,0C,0C
숑,00,0C,0C
수,00,0C,0C
숙,00,0C,0C
순,00,0C,0C
숟,00,0C,0C
술,00,0C,0C
숨,00,0C,0C
숩,00,0C,0C
숫,00,0C,0C
숭,00,0C,0C
숯,00,0C,0C
숱,00,0C,0C
숲,00,0C,0C
숴,00,0C,0C
쉈,00,0C,0C
쉐,00,0C,0C
쉑,00,0C,0C
쉔,00,0C,0C
쉘,00,0C,0C
쉠,00,0C,0C
쉥,00,0C,0C
쉬,00,0C,0C
쉭,00,0C,0C
쉰,00,0C,0C
쉴,00,0C,0C
쉼,00,0C,0C
쉽,00,0C,0C
쉿,00,0C,0C
슁,00,0C,0C
슈,00,0C,0C
슉,00,0C,0C
슐,00,0C,0C
슘,00,0C,0C
슛,00,0C,0C
슝,00,0C,0C
스,00,0C,0C
슥,00,0C,0C
슨,00,0C,0C
슬,00,0C,0C
슭,00,0C,0C
슴,00,0C,0C
습,00,0C,0C
슷,00,0C,0C
승,00,0C,0C
시,00,0C,0C
식,00,0C,0C
신,00,0C,0C
싣,00,0C,0C
실,00,0C,0C
싫,00,0C,0C
심,00,0C,0C
십,00,0C,0C
싯,00,0C,0C
싱,00,0C,0C
싶,00,0C,0C
싸,00,0C,0C
싹,00,0C,0C
싻,00,0C,0C
싼,00,0C,0C
쌀,00,0C,0C
쌈,00,0C,0C
쌉,00,0C,0C
쌌,00,0C,0C
쌍,00,0C,0C
쌓,00,0C,0C
쌔,00,0C,0C
쌕,00,0C,0C
쌘,00,0C,0C
쌜,00,0C,0C
쌤,00,0C,0C
쌥,00,0C,0C
쌨,00,0C,0C
쌩,00,0C,0C
쌰,00,0C,0C
썅,00,0C,0C
써,00,0C,0C
썩,00,0C,0C
썬,00,0C,0C
썰,00,0C,0C
썲,00,0C,0C
썸,00,0C,0C
썹,00,0C,0C
썼,00,0C,0C
썽,00,0C,0C
쎄,00,0C,0C
쎈,00,0C,0C
쎌,00,0C,0C
쎼,00,0C,0C
쏀,00,0C,0C
쏘,00,0C,0C
쏙,00,0C,0C
쏜,00,0C,0C
쏟,00,0C,0C
쏠,00,0C,0C
쏢,00,0C,0C
쏨,00,0C,0C
쏩,00,0C,0C
쏭,00,0C,0C
쏴,00,0C,0C
쏵,00,0C,0C
쏸,00,0C,0C
쐈,00,0C,0C
쐐,00,0C,0C
쐤,00,0C,0C
쐬,00,0C,0C
쐰,00,0C,0C
쐴,00,0C,0C
쐼,00,0C,0C
쐽,00,0C,0C
쑈,00,0C,0C
쑤,00,0C,0C
쑥,00,0C,0C
쑨,00,0C,0C
쑬,00,0C,0C
쑴,00,0C,0C
쑵,00,0C,0C
쑹,00,0C,0C
쒀,00,0C,0C
쒔,00,0C,0C
쒜,00,0C,0C
쒸,00,0C,0C
쒼,00,0C,0C
쓔,00,0C,0C
쓩,00,0C,0C
쓰,00,0C,0C
쓱,00,0C,0C
쓴,00,0C,0C
쓸,00,0C,0C
쓺,00,0C,0C
쓿,00,0C,0C
씀,00,0C,0C
씁,00,0C,0C
씌,00,0C,0C
씐,00,0C,0C
씔,00,0C,0C
씜,00,0C,0C
씨,00,0C,0C
씩,00,0C,0C
씬,00,0C,0C
씰,00,0C,0C
씸,00,0C,0C
씹,00,0C,0C
씻,00,0C,0C
씽,00,0C,0C
아,00,0C,0C
악,00,0C,0C
안,00,0C,0C
앉,00,0C,0C
않,00,0C,0C
알,00,0C,0C
앍,00,0C,0C
앎,00,0C,0C
앓,00,0C,0C
암,00,0C,0C
압,00,0C,0C
앗,00,0C,0C
았,00,0C,0C
앙,00,0C,0C
앝,00,0C,0C
앞,00,0C,0C
애,00,0C,0C
액,00,0C,0C
앤,00,0C,0C
앨,00,0C,0C
앰,00,0C,0C
앱,00,0C,0C
앳,00,0C,0C
앴,00,0C,0C
앵,00,0C,0C
야,00,0C,0C
약,00,0C,0C
얀,00,0C,0C
얄,00,0C,0C
얇,00,0C,0C
얌,00,0C,0C
얍,00,0C,0C
얏,00,0C,0C
양,00,0C,0C
얕,00,0C,0C
얗,00,0C,0C
얘,00,0C,0C
얜,00,0C,0C
얠,00,0C,0C
얩,00,0C,0C
어,00,0C,0C
억,00,0C,0C
언,00,0C,0C
얹,00,0C,0C
얻,00,0C,0C
얼,00,0C,0C
얽,00,0C,0C
얾,00,0C,0C
엄,00,0C,0C
업,00,0C,0C
없,00,0C,0C
엇,00,0C,0C
었,00,0C,0C
엉,00,0C,0C
엊,00,0C,0C
엌,00,0C,0C
엎,00,0C,0C
에,00,0C,0C
엑,00,0C,0C
엔,00,0C,0C
엘,00,0C,0C
엠,00,0C,0C
엡,00,0C,0C
엣,00,0C,0C
엥,00,0C,0C
여,00,0C,0C
역,00,0C,0C
엮,00,0C,0C
연,00,0C,0C
열,00,0C,0C
엶,00,0C,0C
엷,00,0C,0C
염,00,0C,0C
엽,00,0C,0C
엾,00,0C,0C
엿,00,0C,0C
였,00,0C,0C
영,00,0C,0C
옅,00,0C,0C
옆,00,0C,0C
옇,00,0C,0C
예,00,0C,0C
옌,00,0C,0C
옐,00,0C,0C
옘,00,0C,0C
옙,00,0C,0C
옛,00,0C,0C
옜,00,0C,0C
오,00,0C,0C
옥,00,0C,0C
온,00,0C,0C
올,00,0C,0C
옭,00,0C,0C
옮,00,0C,0C
옰,00,0C,0C
옳,00,0C,0C
옴,00,0C,0C
옵,00,0C,0C
옷,00,0C,0C
옹,00,0C,0C
옻,00,0C,0C
와,00,0C,0C
왁,00,0C,0C
완,00,0C,0C
왈,00,0C,0C
왐,00,0C,0C
왑,00,0C,0C
왓,00,0C,0C
왔,00,0C,0C
왕,00,0C,0C
왜,00,0C,0C
왝,00,0C,0C
왠,00,0C,0C
왬,00,0C,0C
왯,00,0C,0C
왱,00,0C,0C
외,00,0C,0C
왹,00,0C,0C
왼,00,0C,0C
욀,00,0C,0C
욈,00,0C,0C
욉,00,0C,0C
욋,00,0C,0C
욍,00,0C,0C
요,00,0C,0C
욕,00,0C,0C
욘,00,0C,0C
욜,00,0C,0C
욤,00,0C,0C
욥,00,0C,0C
욧,00,0C,0C
용,00,0C,0C
우,00,0C,0C
욱,00,0C,0C
운,00,0C,0C
울,00,0C,0C
욹,00,0C,0C
욺,00,0C,0C
움,00,0C,0C
웁,00,0C,0C
웃,00,0C,0C
웅,00,0C,0C
워,00,0C,0C
웍,00,0C,0C
원,00,0C,0C
월,00,0C,0C
웜,00,0C,0C
웝,00,0C,0C
웠,00,0C,0C
웡,00,0C,0C
웨,00,0C,0C
웩,00,0C,0C
웬,00,0C,0C
웰,00,0C,0C
웸,00,0C,0C
웹,00,0C,0C
웽,00,0C,0C
위,00,0C,0C
윅,00,0C,0C
윈,00,0C,0C
윌,00,0C,0C
윔,00,0C,0C
윕,00,0C,0C
윗,00,0C,0C
윙,00,0C,0C
유,00,0C,0C
육,00,0C,0C
윤,00,0C,0C
율,00,0C,0C
윰,00,0C,0C
윱,00,0C,0C
윳,00,0C,0C
융,00,0C,0C
윷,00,0C,0C
으,00,0C,0C
윽,00,0C,0C
은,00,0C,0C
을,00,0C,0C
읊,00,0C,0C
음,00,0C,0C
읍,00,0C,0C
읏,00,0C,0C
응,00,0C,0C
읒,00,0C,0C
읓,00,0C,0C
읔,00,0C,0C
읕,00,0C,0C
읖,00,0C,0C
읗,00,0C,0C
의,00,0C,0C
읜,00,0C,0C
읠,00,0C,0C
읨,00,0C,0C
읫,00,0C,0C
이,00,0C,0C
익,00,0C,0C
인,00,0C,0C
일,00,0C,0C
읽,00,0C,0C
읾,00,0C,0C
잃,00,0C,0C
임,00,0C,0C
입,00,0C,0C
잇,00,0C,0C
있,00,0C,0C
잉,00,0C,0C
잊,00,0C,0C
잎,00,0C,0C
자,00,0C,0C
작,00,0C,0C
잔,00,0C,0C
잖,00,0C,0C
잗,00,0C,0C
잘,00,0C,0C
잚,00,0C,0C
잠,00,0C,0C
잡,00,0C,0C
잣,00,0C,0C
잤,00,0C,0C
장,00,0C,0C
잦,00,0C,0C
재,00,0C,0C
잭,00,0C,0C
잰,00,0C,0C
잴,00,0C,0C
잼,00,0C,0C
잽,00,0C,0C
잿,00,0C,0C
쟀,00,0C,0C
쟁,00,0C,0C
쟈,00,0C,0C
쟉,00,0C,0C
쟌,00,0C,0C
쟎,00,0C,0C
쟐,00,0C,0C
쟘,00,0C,0C
쟝,00,0C,0C
쟤,00,0C,0C
쟨,00,0C,0C
쟬,00,0C,0C
저,00,0C,0C
적,00,0C,0C
전,00,0C,0C
절,00,0C,0C
젊,00,0C,0C
점,00,0C,0C
접,00,0C,0C
젓,00,0C,0C
정,00,0C,0C
젖,00,0C,0C
제,00,0C,0C
젝,00,0C,0C
젠,00,0C,0C
젤,00,0C,0C
젬,00,0C,0C
젭,00,0C,0C
젯,00,0C,0C
젱,00,0C,0C
져,00,0C,0C
젼,00,0C,0C
졀,00,0C,0C
졈,00,0C,0C
졉,00,0C,0C
졌,00,0C,0C
졍,00,0C,0C
졔,00,0C,0C
조,00,0C,0C
족,00,0C,0C
존,00,0C,0C
졸,00,0C,0C
졺,00,0C,0C
좀,00,0C,0C
좁,00,0C,0C
좃,00,0C,0C
종,00,0C,0C
좆,00,0C,0C
좇,00,0C,0C
좋,00,0C,0C
좌,00,0C,0C
좍,00,0C,0C
좔,00,0C,0C
좝,00,0C,0C
좟,00,0C,0C
좡,00,0C,0C
좨,00,0C,0C
좼,00,0C,0C
좽,00,0C,0C
죄,00,0C,0C
죈,00,0C,0C
죌,00,0C,0C
죔,00,0C,0C
죕,00,0C,0C
죗,00,0C,0C
죙,00,0C,0C
죠,00,0C,0C
죡,00,0C,0C
죤,00,0C,0C
죵,00,0C,0C
주,00,0C,0C
죽,00,0C,0C
준,00,0C,0C
줄,00,0C,0C
줅,00,0C,0C
줆,00,0C,0C
줌,00,0C,0C
줍,00,0C,0C
줏,00,0C,0C
중,00,0C,0C
줘,00,0C,0C
줬,00,0C,0C
줴,00,0C,0C
쥐,00,0C,0C
쥑,00,0C,0C
쥔,00,0C,0C
쥘,00,0C,0C
쥠,00,0C,0C
쥡,00,0C,0C
쥣,00,0C,0C
쥬,00,0C,0C
쥰,00,0C,0C
쥴,00,0C,0C
쥼,00,0C,0C
즈,00,0C,0C
즉,00,0C,0C
즌,00,0C,0C
즐,00,0C,0C
즘,00,0C,0C
즙,00,0C,0C
즛,00,0C,0C
증,00,0C,0C
지,00,0C,0C
직,00,0C,0C
진,00,0C,0C
짇,00,0C,0C
질,00,0C,0C
짊,00,0C,0C
짐,00,0C,0C
집,00,0C,0C
짓,00,0C,0C
징,00,0C,0C
짖,00,0C,0C
짙,00,0C,0C
짚,00,0C,0C
짜,00,0C,0C
짝,00,0C,0C
짠,00,0C,0C
짢,00,0C,0C
짤,00,0C,0C
짧,00,0C,0C
짬,00,0C,0C
짭,00,0C,0C
짯,00,0C,0C
짰,00,0C,0C
짱,00,0C,0C
째,00,0C,0C
짹,00,0C,0C
짼,00,0C,0C
쨀,00,0C,0C
쨈,00,0C,0C
쨉,00,0C,0C
쨋,00,0C,0C
쨌,00,0C,0C
쨍,00,0C,0C
쨔,00,0C,0C
쨘,00,0C,0C
쨩,00,0C,0C
쩌,00,0C,0C
쩍,00,0C,0C
쩐,00,0C,0C
쩔,00,0C,0C
쩜,00,0C,0C
쩝,00,0C,0C
쩟,00,0C,0C
쩠,00,0C,0C
쩡,00,0C,0C
쩨,00,0C,0C
쩽,00,0C,0C
쪄,00,0C,0C
쪘,00,0C,0C
쪼,00,0C,0C
쪽,00,0C,0C
쫀,00,0C,0C
쫄,00,0C,0C
쫌,00,0C,0C
쫍,00,0C,0C
쫏,00,0C,0C
쫑,00,0C,0C
쫓,00,0C,0C
쫘,00,0C,0C
쫙,00,0C,0C
쫠,00,0C,0C
쫬,00,0C,0C
쫴,00,0C,0C
쬈,00,0C,0C
쬐,00,0C,0C
쬔,00,0C,0C
쬘,00,0C,0C
쬠,00,0C,0C
쬡,00,0C,0C
쬬,00,0C,0C
쭁,00,0C,0C
쭈,00,0C,0C
쭉,00,0C,0C
쭌,00,0C,0C
쭐,00,0C,0C
쭘,00,0C,0C
쭙,00,0C,0C
쭝,00,0C,0C
쭤,00,0C,0C
쭸,00,0C,0C
쭹,00,0C,0C
쮜,00,0C,0C
쮸,00,0C,0C
쯔,00,0C,0C
쯤,00,0C,0C
쯧,00,0C,0C
쯩,00,0C,0C
찌,00,0C,0C
찍,00,0C,0C
찐,00,0C,0C
찔,00,0C,0C
찜,00,0C,0C
찝,00,0C,0C
찡,00,0C,0C
찢,00,0C,0C
찧,00,0C,0C
차,00,0C,0C
착,00,0C,0C
찬,00,0C,0C
찮,00,0C,0C
찰,00,0C,0C
참,00,0C,0C
찹,00,0C,0C
찻,00,0C,0C
찼,00,0C,0C
창,00,0C,0C
찾,00,0C,0C
채,00,0C,0C
책,00,0C,0C
챈,00,0C,0C
챌,00,0C,0C
챔,00,0C,0C
챕,00,0C,0C
챗,00,0C,0C
챘,00,0C,0C
챙,00,0C,0C
챠,00,0C,0C
챤,00,0C,0C
챦,00,0C,0C
챨,00,0C,0C
챰,00,0C,0C
챵,00,0C,0C
처,00,0C,0C
척,00,0C,0C
천,00,0C,0C
철,00,0C,0C
첨,00,0C,0C
첩,00,0C,0C
첫,00,0C,0C
첬,00,0C,0C
청,00,0C,0C
체,00,0C,0C
첵,00,0C,0C
첸,00,0C,0C
첼,00,0C,0C
쳄,00,0C,0C
쳅,00,0C,0C
쳇,00,0C,0C
쳉,00,0C,0C
쳐,00,0C,0C
쳔,00,0C,0C
쳤,00,0C,0C
쳬,00,0C,0C
쳰,00,0C,0C
촁,00,0C,0C
초,00,0C,0C
촉,00,0C,0C
촌,00,0C,0C
촐,00,0C,0C
촘,00,0C,0C
촙,00,0C,0C
촛,00,0C,0C
총,00,0C,0C
촤,00,0C,0C
촨,00,0C,0C
촬,00,0C,0C
촹,00,0C,0C
최,00,0C,0C
쵠,00,0C,0C
쵤,00,0C,0C
쵬,00,0C,0C
쵭,00,0C,0C
쵯,00,0C,0C
쵱,00,0C,0C
쵸,00,0C,0C
춈,00,0C,0C
추,00,0C,0C
축,00,0C,0C
춘,00,0C,0C
출,00,0C,0C
춤,00,0C,0C
춥,00,0C,0C
춧,00,0C,0C
충,00,0C,0C
춰,00,0C,0C
췄,00,0C,0C
췌,00,0C,0C
췐,00,0C,0C
취,00,0C,0C
췬,00,0C,0C
췰,00,0C,0C
췸,00,0C,0C
췹,00,0C,0C
췻,00,0C,0C
췽,00,0C,0C
츄,00,0C,0C
츈,00,0C,0C
츌,00,0C,0C
츔,00,0C,0C
츙,00,0C,0C
츠,00,0C,0C
측,00,0C,0C
츤,00,0C,0C
츨,00,0C,0C
츰,00,0C,0C
츱,00,0C,0C
츳,00,0C,0C
층,00,0C,0C
치,00,0C,0C
칙,00,0C,0C
친,00,0C,0C
칟,00,0C,0C
칠,00,0C,0C
칡,00,0C,0C
침,00,0C,0C
칩,00,0C,0C
칫,00,0C,0C
칭,00,0C,0C
카,00,0C,0C
칵,00,0C,0C
칸,00,0C,0C
칼,00,0C,0C
캄,00,0C,0C
캅,00,0C,0C
캇,00,0C,0C
캉,00,0C,0C
캐,00,0C,0C
캑,00,0C,0C
캔,00,0C,0C
캘,00,0C,0C
캠,00,0C,0C
캡,00,0C,0C
캣,00,0C,0C
캤,00,0C,0C
캥,00,0C,0C
캬,00,0C,0C
캭,00,0C,0C
컁,00,0C,0C
커,00,0C,0C
컥,00,0C,0C
컨,00,0C,0C
컫,00,0C,0C
컬,00,0C,0C
컴,00,0C,0C
컵,00,0C,0C
컷,00,0C,0C
컸,00,0C,0C
컹,00,0C,0C
케,00,0C,0C
켁,00,0C,0C
켄,00,0C,0C
켈,00,0C,0C
켐,00,0C,0C
켑,00,0C,0C
켓,00,0C,0C
켕,00,0C,0C
켜,00,0C,0C
켠,00,0C,0C
켤,00,0C,0C
켬,00,0C,0C
켭,00,0C,0C
켯,00,0C,0C
켰,00,0C,0C
켱,00,0C,0C
켸,00,0C,0C
코,00,0C,0C
콕,00,0C,0C
콘,00,0C,0C
콜,00,0C,0C
콤,00,0C,0C
콥,00,0C,0C
콧,00,0C,0C
콩,00,0C,0C
콰,00,0C,0C
콱,00,0C,0C
콴,00,0C,0C
콸,00,0C,0C
쾀,00,0C,0C
쾅,00,0C,0C
쾌,00,0C,0C
쾡,00,0C,0C
쾨,00,0C,0C
쾰,00,0C,0C
쿄,00,0C,0C
쿠,00,0C,0C
쿡,00,0C,0C
쿤,00,0C,0C
쿨,00,0C,0C
쿰,00,0C,0C
쿱,00,0C,0C
쿳,00,0C,0C
쿵,00,0C,0C
쿼,00,0C,0C
퀀,00,0C,0C
퀄,00,0C,0C
퀑,00,0C,0C
퀘,00,0C,0C
퀭,00,0C,0C
퀴,00,0C,0C
퀵,00,0C,0C
퀸,00,0C,0C
퀼,00,0C,0C
큄,00,0C,0C
큅,00,0C,0C
큇,00,0C,0C
큉,00,0C,0C
큐,00,0C,0C
큔,00,0C,0C
큘,00,0C,0C
큠,00,0C,0C
크,00,0C,0C
큭,00,0C,0C
큰,00,0C,0C
클,00,0C,0C
큼,00,0C,0C
큽,00,0C,0C
킁,00,0C,0C
키,00,0C,0C
킥,00,0C,0C
킨,00,0C,0C
킬,00,0C,0C
킴,00,0C,0C
킵,00,0C,0C
킷,00,0C,0C
킹,00,0C,0C
타,00,0C,0C
탁,00,0C,0C
탄,00,0C,0C
탈,00,0C,0C
탉,00,0C,0C
탐,00,0C,0C
탑,00,0C,0C
탓,00,0C,0C
탔,00,0C,0C
탕,00,0C,0C
태,00,0C,0C
택,00,0C,0C
탠,00,0C,0C
탤,00,0C,0C
탬,00,0C,0C
탭,00,0C,0C
탯,00,0C,0C
탰,00,0C,0C
탱,00,0C,0C
탸,00,0C,0C
턍,00,0C,0C
터,00,0C,0C
턱,00,0C,0C
턴,00,0C,0C
털,00,0C,0C
턺,00,0C,0C
텀,00,0C,0C
텁,00,0C,0C
텃,00,0C,0C
텄,00,0C,0C
텅,00,0C,0C
테,00,0C,0C
텍,00,0C,0C
텐,00,0C,0C
텔,00,0C,0C
템,00,0C,0C
텝,00,0C,0C
텟,00,0C,0C
텡,00,0C,0C
텨,00,0C,0C
텬,00,0C,0C
텼,00,0C,0C
톄,00,0C,0C
톈,00,0C,0C
토,00,0C,0C
톡,00,0C,0C
톤,00,0C,0C
톨,00,0C,0C
톰,00,0C,0C
톱,00,0C,0C
톳,00,0C,0C
통,00,0C,0C
톺,00,0C,0C
톼,00,0C,0C
퇀,00,0C,0C
퇘,00,0C,0C
퇴,00,0C,0C
퇸,00,0C,0C
툇,00,0C,0C
툉,00,0C,0C
툐,00,0C,0C
투,00,0C,0C
툭,00,0C,0C
툰,00,0C,0C
툴,00,0C,0C
툼,00,0C,0C
툽,00,0C,0C
툿,00,0C,0C
퉁,00,0C,0C
퉈,00,0C,0C
퉜,00,0C,0C
퉤,00,0C,0C
튀,00,0C,0C
튁,00,0C,0C
튄,00,0C,0C
튈,00,0C,0C
튐,00,0C,0C
튑,00,0C,0C
튕,00,0C,0C
튜,00,0C,0C
튠,00,0C,0C
튤,00,0C,0C
튬,00,0C,0C
튱,00,0C,0C
트,00,0C,0C
특,00,0C,0C
튼,00,0C,0C
튿,00,0C,0C
틀,00,0C,0C
틂,00,0C,0C
틈,00,0C,0C
틉,00,0C,0C
틋,00,0C,0C
틔,00,0C,0C
틘,00,0C,0C
틜,00,0C,0C
틤,00,0C,0C
틥,00,0C,0C
티,00,0C,0C
틱,00,0C,0C
틴,00,0C,0C
틸,00,0C,0C
팀,00,0C,0C
팁,00,0C,0C
팃,00,0C,0C
팅,00,0C,0C
파,00,0C,0C
팍,00,0C,0C
팎,00,0C,0C
판,00,0C,0C
팔,00,0C,0C
팖,00,0C,0C
팜,00,0C,0C
팝,00,0C,0C
팟,00,0C,0C
팠,00,0C,0C
팡,00,0C,0C
팥,00,0C,0C
패,00,0C,0C
팩,00,0C,0C
팬,00,0C,0C
팰,00,0C,0C
팸,00,0C,0C
팹,00,0C,0C
팻,00,0C,0C
팼,00,0C,0C
팽,00,0C,0C
퍄,00,0C,0C
퍅,00,0C,0C
퍼,00,0C,0C
퍽,00,0C,0C
펀,00,0C,0C
펄,00,0C,0C
펌,00,0C,0C
펍,00,0C,0C
펏,00,0C,0C
펐,00,0C,0C
펑,00,0C,0C
페,00,0C,0C
펙,00,0C,0C
펜,00,0C,0C
펠,00,0C,0C
펨,00,0C,0C
펩,00,0C,0C
펫,00,0C,0C
펭,00,0C,0C
펴,00,0C,0C
편,00,0C,0C
펼,00,0C,0C
폄,00,0C,0C
폅,00,0C,0C
폈,00,0C,0C
평,00,0C,0C
폐,00,0C,0C
폘,00,0C,0C
폡,00,0C,0C
폣,00,0C,0C
포,00,0C,0C
폭,00,0C,0C
폰,00,0C,0C
폴,00,0C,0C
폼,00,0C,0C
폽,00,0C,0C
폿,00,0C,0C
퐁,00,0C,0C
퐈,00,0C,0C
퐝,00,0C,0C
푀,00,0C,0C
푄,00,0C,0C
표,00,0C,0C
푠,00,0C,0C
푤,00,0C,0C
푭,00,0C,0C
푯,00,0C,0C
푸,00,0C,0C
푹,00,0C,0C
푼,00,0C,0C
푿,00,0C,0C
풀,00,0C,0C
풂,00,0C,0C
품,00,0C,0C
풉,00,0C,0C
풋,00,0C,0C
풍,00,0C,0C
풔,00,0C,0C
풩,00,0C,0C
퓌,00,0C,0C
퓐,00,0C,0C
퓔,00,0C,0C
퓜,00,0C,0C
퓟,00,0C,0C
퓨,00,0C,0C
퓬,00,0C,0C
퓰,00,0C,0C
퓸,00,0C,0C
퓻,00,0C,0C
퓽,00,0C,0C
프,00,0C,0C
픈,00,0C,0C
플,00,0C,0C
픔,00,0C,0C
픕,00,0C,0C
픗,00,0C,0C
피,00,0C,0C
픽,00,0C,0C
핀,00,0C,0C
필,00,0C,0C
핌,00,0C,0C
핍,00,0C,0C
핏,00,0C,0C
핑,00,0C,0C
하,00,0C,0C
학,00,0C,0C
한,00,0C,0C
할,00,0C,0C
핥,00,0C,0C
함,00,0C,0C
합,00,0C,0C
핫,00,0C,0C
항,00,0C,0C
해,00,0C,0C
핵,00,0C,0C
핸,00,0C,0C
핼,00,0C,0C
햄,00,0C,0C
햅,00,0C,0C
햇,00,0C,0C
했,00,0C,0C
행,00,0C,0C
햐,00,0C,0C
향,00,0C,0C
허,00,0C,0C
헉,00,0C,0C
헌,00,0C,0C
헐,00,0C,0C
헒,00,0C,0C
험,00,0C,0C
헙,00,0C,0C
헛,00,0C,0C
헝,00,0C,0C
헤,00,0C,0C
헥,00,0C,0C
헨,00,0C,0C
헬,00,0C,0C
헴,00,0C,0C
헵,00,0C,0C
헷,00,0C,0C
헹,00,0C,0C
혀,00,0C,0C
혁,00,0C,0C
현,00,0C,0C
혈,00,0C,0C
혐,00,0C,0C
협,00,0C,0C
혓,00,0C,0C
혔,00,0C,0C
형,00,0C,0C
혜,00,0C,0C
혠,00,0C,0C
혤,00,0C,0C
혭,00,0C,0C
호,00,0C,0C
혹,00,0C,0C
혼,00,0C,0C
홀,00,0C,0C
홅,00,0C,0C
홈,00,0C,0C
홉,00,0C,0C
홋,00,0C,0C
홍,00,0C,0C
홑,00,0C,0C
화,00,0C,0C
확,00,0C,0C
환,00,0C,0C
활,00,0C,0C
홧,00,0C,0C
황,00,0C,0C
홰,00,0C,0C
홱,00,0C,0C
홴,00,0C,0C
횃,00,0C,0C
횅,00,0C,0C
회,00,0C,0C
획,00,0C,0C
횐,00,0C,0C
횔,00,0C,0C
횝,00,0C,0C
횟,00,0C,0C
횡,00,0C,0C
효,00,0C,0C
횬,00,0C,0C
횰,00,0C,0C
횹,00,0C,0C
횻,00,0C,0C
후,00,0C,0C
훅,00,0C,0C
훈,00,0C,0C
훌,00,0C,0C
훑,00,0C,0C
훔,00,0C,0C
훗,00,0C,0C
훙,00,0C,0C
훠,00,0C,0C
훤,00,0C,0C
훨,00,0C,0C
훰,00,0C,0C
훵,00,0C,0C
훼,00,0C,0C
훽,00,0C,0C
휀,00,0C,0C
휄,00,0C,0C
휑,00,0C,0C
휘,00,0C,0C
휙,00,0C,0C
휜,00,0C,0C
휠,00,0C,0C
휨,00,0C,0C
휩,00,0C,0C
휫,00,0C,0C
휭,00,0C,0C
휴,00,0C,0C
휵,00,0C,0C
휸,00,0C,0C
휼,00,0C,0C
흄,00,0C,0C
흇,00,0C,0C
흉,00,0C,0C
흐,00,0C,0C
흑,00,0C,0C
흔,00,0C,0C
흖,00,0C,0C
흗,00,0C,0C
흘,00,0C,0C
흙,00,0C,0C
흠,00,0C,0C
흡,00,0C,0C
흣,00,0C,0C
흥,00,0C,0C
흩,00,0C,0C
희,00,0C,0C
흰,00,0C,0C
흴,00,0C,0C
흼,00,0C,0C
흽,00,0C,0C
힁,00,0C,0C
히,00,0C,0C
힉,00,0C,0C
힌,00,0C,0C
힐,00,0C,0C
힘,00,0C,0C
힙,00,0C,0C
힛,00,0C,0C
힝,00,0C,0C
！,00,0C,0C
＃,00,0C,0C
＄,00,0C,0C
％,00,0C,0C
＆,00,0C,0C
（,00,0C,0C
）,00,0C,0C
＊,00,0C,0C
＋,00,0C,0C
，,00,0C,0C
－,00,0C,0C
．,00,0C,0C
／,00,0C,0C
０,00,0C,0C
１,00,0C,0C
２,00,0C,0C
３,00,0C,0C
４,00,0C,0C
５,00,0C,0C
６,00,0C,0C
７,00,0C,0C
８,00,0C,0C
９,00,0C,0C
：,00,0C,0C
；,00,0C,0C
＜,00,0C,0C
＝,00,0C,0C
＞,00,0C,0C
？,00,0C,0C
＠,00,0C,0C
Ａ,00,0C,0C
Ｂ,00,0C,0C
Ｃ,00,0C,0C
Ｄ,00,0C,0C
Ｅ,00,0C,0C
Ｆ,00,0C,0C
Ｇ,00,0C,0C
Ｈ,00,0C,0C
Ｉ,00,0C,0C
Ｊ,00,0C,0C
Ｋ,00,0C,0C
Ｌ,00,0C,0C
Ｍ,00,0C,0C
Ｎ,00,0C,0C
Ｏ,00,0C,0C
Ｐ,00,0C,0C
Ｑ,00,0C,0C
Ｒ,00,0C,0C
Ｓ,00,0C,0C
Ｔ,00,0C,0C
Ｕ,00,0C,0C
Ｖ,00,0C,0C
Ｗ,00,0C,0C
Ｘ,00,0C,0C
Ｙ,00,0C,0C
Ｚ,00,0C,0C
［,00,0C,0C
＼,00,0C,0C
］,00,0C,0C
＾,00,0C,0C
＿,00,0C,0C
｀,00,0C,0C
ａ,00,0C,0C
ｂ,00,0C,0C
ｃ,00,0C,0C
ｄ,00,0C,0C
ｅ,00,0C,0C
ｆ,00,0C,0C
ｇ,00,0C,0C
ｈ,00,0C,0C
ｉ,00,0C,0C
ｊ,00,0C,0C
ｋ,00,0C,0C
ｌ,00,0C,0C
ｍ,00,0C,0C
ｎ,00,0C,0C
ｏ,00,0C,0C
ｐ,00,0C,0C
ｑ,00,0C,0C
ｒ,00,0C,0C
ｓ,00,0C,0C
ｔ,00,0C,0C
ｕ,00,0C,0C
ｖ,00,0C,0C
ｗ,00,0C,0C
ｘ,00,0C,0C
ｙ,00,0C,0C
ｚ,00,0C,0C
｛,00,0C,0C
｜,00,0C,0C
｝,00,0C,0C
～,00,0C,0C
｡,00,06,06
｢,00,06,06
｣,00,06,06
､,00,06,06
･,00,06,06
ｦ,00,06,06
ｧ,00,06,06
ｨ,00,06,06
ｩ,00,06,06
ｪ,00,06,06
ｫ,00,06,06
ｬ,00,06,06
ｭ,00,06,06
ｮ,00,06,06
ｯ,00,06,06
ｰ,00,06,06
ｱ,00,06,06
ｲ,00,06,06
ｳ,00,06,06
ｴ,00,06,06
ｵ,00,06,06
ｶ,00,06,06
ｷ,00,06,06
ｸ,00,06,06
ｹ,00,06,06
ｺ,00,06,06
ｻ,00,06,06
ｼ,00,06,06
ｽ,00,06,06
ｾ,00,06,06
ｿ,00,06,06
ﾀ,00,06,06
ﾁ,00,06,06
ﾂ,00,06,06
ﾃ,00,06,06
ﾄ,00,06,06
ﾅ,00,06,06
ﾆ,00,06,06
ﾇ,00,06,06
ﾈ,00,06,06
ﾉ,00,06,06
ﾊ,00,06,06
ﾋ,00,06,06
ﾌ,00,06,06
ﾍ,00,06,06
ﾎ,00,06,06
ﾏ,00,06,06
ﾐ,00,06,06
ﾑ,00,06,06
ﾒ,00,06,06
ﾓ,00,06,06
ﾔ,00,06,06
ﾕ,00,06,06
ﾖ,00,06,06
ﾗ,00,06,06
ﾘ,00,06,06
ﾙ,00,06,06
ﾚ,00,06,06
ﾛ,00,06,06
ﾜ,00,06,06
ﾝ,00,06,06
ﾞ,00,06,06
ﾟ,00,06,06
￠,00,0C,0C
￡,00,0C,0C
￢,00,0C,0C
￣,00,0C,0C
￥,00,0C,0C
а,00,08,08
б,00,08,08
в,00,08,08
г,00,08,08
д,00,08,08
Ą,00,06,06
ą,00,06,06
Č,00,06,06
č,00,06,06
Ė,00,06,06
ė,00,06,06
Ę,00,06,06
ę,00,06,06
Į,01,05,06
į,00,03,03
Š,00,06,06
š,00,06,06
Ū,00,06,06
ū,00,06,06
Ų,00,06,06
ų,00,06,06
Ž,00,06,06
ž,00,06,06
